"date","price","open","high","low","vol"
2015-01-05,3350.52,3258.63,3369.28,3253.88,5.314e+10
2015-01-06,3351.45,3330.8,3394.22,3303.18,5.017e+10
2015-01-07,3373.95,3326.65,3374.9,3312.21,3.919e+10
2015-01-08,3293.46,3371.96,3381.57,3285.1,3.711e+10
2015-01-09,3285.41,3276.97,3404.83,3267.51,4.102e+10
2015-01-12,3229.32,3258.21,3275.19,3191.58,3.221e+10
2015-01-13,3235.3,3223.54,3259.39,3214.41,2.307e+10
2015-01-14,3222.44,3242.34,3268.48,3193.98,2.402e+10
2015-01-15,3336.45,3224.07,3337.08,3207.55,2.825e+10
2015-01-16,3376.49,3343.6,3400.32,3340.49,3.399e+10
2015-01-19,3116.35,3189.73,3262.21,3095.07,4.011e+10
2015-01-20,3173.05,3114.56,3190.25,3100.48,3.571e+10
2015-01-21,3323.61,3189.09,3337,3178.34,4.11e+10
2015-01-22,3343.34,3327.32,3352.38,3293.98,3.534e+10
2015-01-23,3351.76,3357.1,3406.79,3328.29,3.662e+10
2015-01-26,3383.18,3347.26,3384.8,3321.31,3.175e+10
2015-01-27,3352.96,3389.85,3390.22,3290.22,3.745e+10
2015-01-28,3305.74,3325.72,3354.8,3294.65,3.019e+10
2015-01-29,3262.3,3259,3286.79,3234.24,2.747e+10
2015-01-30,3210.36,3273.75,3288.5,3210.31,2.583e+10
2015-02-02,3128.3,3148.14,3175.13,3122.57,2.509e+10
2015-02-03,3204.91,3156.09,3207.94,3129.73,2.482e+10
2015-02-04,3174.13,3212.82,3238.98,3171.14,2.491e+10
2015-02-05,3136.53,3251.21,3251.21,3135.82,3.061e+10
2015-02-06,3075.91,3120.09,3129.54,3052.94,2.468e+10
2015-02-09,3095.12,3063.51,3119.03,3049.11,2.061e+10
2015-02-10,3141.59,3090.49,3142.1,3084.25,1.938e+10
2015-02-11,3157.7,3145.77,3166.42,3139.05,1.728e+10
2015-02-12,3173.42,3157.96,3181.77,3134.24,1.946e+10
2015-02-13,3203.83,3186.81,3237.16,3182.79,2.613e+10
2015-02-16,3222.36,3206.14,3228.85,3195.88,2.238e+10
2015-02-17,3246.91,3230.88,3255.73,3230.77,2.283e+10
2015-02-25,3228.84,3256.48,3257.22,3215.55,2.333e+10
2015-02-26,3298.36,3222.15,3300.62,3202.19,3.013e+10
2015-02-27,3310.3,3296.83,3324.55,3291.01,2.992e+10
2015-03-02,3336.28,3332.72,3336.76,3298.67,3.464e+10
2015-03-03,3263.05,3317.69,3317.69,3260.43,3.82e+10
2015-03-04,3279.53,3264.18,3286.59,3250.48,2.936e+10
2015-03-05,3248.48,3264.08,3266.64,3221.67,3.207e+10
2015-03-06,3241.19,3248.04,3266.93,3234.53,2.829e+10
2015-03-09,3302.41,3224.31,3307.7,3198.37,3.215e+10
2015-03-10,3286.07,3289.08,3309.92,3277.09,2.858e+10
2015-03-11,3290.9,3289.59,3325.05,3278.47,2.83e+10
2015-03-12,3349.32,3314.81,3360.05,3300.49,3.573e+10
2015-03-13,3372.91,3359.49,3391.26,3352.15,3.284e+10
2015-03-16,3449.3,3391.16,3449.3,3377.09,3.991e+10
2015-03-17,3502.85,3469.6,3504.12,3459.69,5.209e+10
2015-03-18,3577.3,3510.5,3577.66,3503.85,5.452e+10
2015-03-19,3582.27,3576.02,3600.68,3546.84,5.373e+10
2015-03-20,3617.32,3587.08,3632.34,3569.38,5.167e+10
2015-03-23,3687.73,3640.1,3688.25,3635.48,5.361e+10
2015-03-24,3691.41,3692.57,3715.87,3600.7,6.396e+10
2015-03-25,3660.73,3680.95,3693.15,3634.56,5.219e+10
2015-03-26,3682.1,3641.94,3707.32,3615.01,4.886e+10
2015-03-27,3691.1,3686.13,3710.48,3656.83,4.089e+10
2015-03-30,3786.57,3710.61,3795.93,3710.61,5.647e+10
2015-03-31,3747.9,3822.99,3835.57,3737.04,5.617e+10
2015-04-01,3810.29,3748.34,3817.08,3742.21,4.475e+10
2015-04-02,3825.78,3827.69,3835.45,3775.89,4.793e+10
2015-04-03,3863.93,3803.38,3864.4,3792.21,4.73e+10
2015-04-07,3961.38,3899.42,3961.67,3891.73,5.704e+10
2015-04-08,3994.81,3976.53,4000.22,3903.65,6.181e+10
2015-04-09,3957.53,4006.13,4016.4,3900.03,5.852e+10
2015-04-10,4034.31,3947.49,4040.35,3929.32,4.843e+10
2015-04-13,4121.71,4072.72,4128.07,4057.29,5.898e+10
2015-04-14,4135.57,4125.78,4168.35,4091.26,6.107e+10
2015-04-15,4084.16,4135.65,4175.49,4069.01,6.13e+10
2015-04-16,4194.82,4055.92,4195.31,4031.24,5.512e+10
2015-04-17,4287.3,4254.72,4317.22,4238.91,7.017e+10
2015-04-20,4217.08,4301.35,4356,4190.68,8.571e+10
2015-04-21,4293.62,4212.19,4294.37,4188.57,6.345e+10
2015-04-22,4398.49,4304.6,4400.19,4297.95,6.803e+10
2015-04-23,4414.51,4414.48,4444.41,4358.84,6.673e+10
2015-04-24,4393.69,4355.95,4416.38,4318.12,6.286e+10
2015-04-27,4527.4,4441.93,4529.74,4441.93,6.711e+10
2015-04-28,4476.21,4527.64,4572.39,4432.9,7.677e+10
2015-04-29,4476.62,4446.12,4499.94,4398.64,5.198e+10
2015-04-30,4441.66,4483.01,4507.34,4441.05,5.267e+10
2015-05-04,4480.46,4441.34,4487.57,4387.43,4.942e+10
2015-05-05,4298.71,4479.85,4488.87,4282.24,5.729e+10
2015-05-06,4229.27,4311.64,4376.35,4187.37,4.817e+10
2015-05-07,4112.21,4197.9,4213.76,4108.01,3.946e+10
2015-05-08,4205.92,4152.98,4206.86,4099.04,3.974e+10
2015-05-11,4333.58,4231.27,4334.88,4187.82,4.888e+10
2015-05-12,4401.22,4342.37,4402.31,4317.98,5.219e+10
2015-05-13,4375.76,4402.38,4415.63,4342.48,5.105e+10
2015-05-14,4378.31,4372.82,4397.74,4329.04,4.491e+10
2015-05-15,4308.69,4366.82,4366.82,4278.55,4.397e+10
2015-05-18,4283.49,4277.89,4324.83,4260.51,3.801e+10
2015-05-19,4417.55,4285.78,4418.4,4285.78,4.367e+10
2015-05-20,4446.29,4434.98,4520.54,4432.28,5.141e+10
2015-05-21,4529.42,4456.43,4530.48,4438.26,4.65e+10
2015-05-22,4657.6,4584.98,4658.27,4562.99,6.556e+10
2015-05-25,4813.8,4660.07,4814.67,4656.82,6.825e+10
2015-05-26,4910.9,4854.85,4911.68,4779.08,7.049e+10
2015-05-27,4941.71,4932.85,4958.16,4857.06,6.812e+10
2015-05-28,4620.27,4943.74,4986.5,4614.24,7.83e+10
2015-05-29,4611.74,4603.47,4698.19,4431.56,6.113e+10
2015-06-01,4828.74,4633.1,4829.5,4615.23,5.934e+10
2015-06-02,4910.53,4844.7,4911.57,4797.55,6.237e+10
2015-06-03,4909.98,4924.38,4942.06,4822.44,6.115e+10
2015-06-04,4947.1,4912.95,4947.96,4647.41,6.75e+10
2015-06-05,5023.1,5016.09,5051.63,4898.07,7.722e+10
2015-06-08,5131.88,5045.69,5146.95,4997.48,8.55e+10
2015-06-09,5113.53,5145.98,5147.45,5042.96,7.299e+10
2015-06-10,5106.04,5049.2,5164.16,5001.49,5.97e+10
2015-06-11,5121.59,5101.44,5122.46,5050.76,5.64e+10
2015-06-12,5166.35,5143.34,5178.19,5103.4,6.256e+10
2015-06-15,5062.99,5174.42,5176.79,5048.74,6.378e+10
2015-06-16,4887.43,5004.41,5029.68,4842.1,5.508e+10
2015-06-17,4967.9,4890.55,4983.66,4767.22,5.371e+10
2015-06-18,4785.36,4942.52,4966.77,4780.87,5.074e+10
2015-06-19,4478.36,4689.93,4744.08,4476.5,4.527e+10
2015-06-23,4576.49,4471.61,4577.94,4264.77,4.735e+10
2015-06-24,4690.15,4604.58,4691.77,4552.13,5.43e+10
2015-06-25,4527.78,4711.76,4720.7,4483.55,5.728e+10
2015-06-26,4192.87,4399.93,4456.9,4139.53,5.652e+10
2015-06-29,4053.03,4289.77,4297.47,3875.05,6.738e+10
2015-06-30,4277.22,4006.75,4279.97,3847.88,7.092e+10
2015-07-01,4053.7,4214.15,4317.05,4043.37,5.988e+10
2015-07-02,3912.77,4058.62,4080.39,3795.25,5.86e+10
2015-07-03,3686.92,3793.71,3927.13,3629.56,5.482e+10
2015-07-06,3775.91,3975.21,3975.21,3653.04,8.311e+10
2015-07-07,3727.12,3654.78,3750.57,3585.4,6.988e+10
2015-07-08,3507.19,3467.4,3599.25,3421.53,6.804e+10
2015-07-09,3709.33,3432.45,3748.48,3373.54,6.569e+10
2015-07-10,3877.8,3707.46,3959.22,3677.43,5.864e+10
2015-07-13,3970.39,3918.99,4030.19,3858.64,6.435e+10
2015-07-14,3924.49,3958.37,4035.43,3855.56,6.706e+10
2015-07-15,3805.7,3874.97,3914.27,3741.25,6.013e+10
2015-07-16,3823.18,3758.5,3877.51,3688.44,4.923e+10
2015-07-17,3957.35,3831.42,3994.48,3814.15,4.817e+10
2015-07-20,3992.11,3948.42,4021.33,3927.12,5.391e+10
2015-07-21,4017.67,3939.9,4041.82,3912.8,5.043e+10
2015-07-22,4026.05,3996.43,4042.34,3960.86,5.207e+10
2015-07-23,4123.92,4022.27,4132.61,4019.04,5.636e+10
2015-07-24,4070.91,4124.75,4184.45,4044.83,6.274e+10
2015-07-27,3725.56,3985.57,4051.16,3720.44,5.56e+10
2015-07-28,3663,3573.14,3762.53,3537.36,5.633e+10
2015-07-29,3789.17,3689.82,3792.07,3612.06,4.344e+10
2015-07-30,3705.77,3773.79,3844.37,3685.96,4.579e+10
2015-07-31,3663.73,3655.67,3729.51,3620.17,3.51e+10
2015-08-03,3622.91,3614.99,3648.94,3549.5,3.64e+10
2015-08-04,3756.54,3621.85,3757.03,3601.29,3.629e+10
2015-08-05,3694.57,3745.65,3782.35,3676.39,3.664e+10
2015-08-06,3661.54,3625.5,3710.57,3614.74,2.741e+10
2015-08-07,3744.2,3692.61,3756.74,3686.3,3.408e+10
2015-08-10,3928.42,3786.03,3943.62,3775.85,4.973e+10
2015-08-11,3927.91,3928.81,3970.34,3891.18,5.389e+10
2015-08-12,3886.32,3881.23,3937.77,3871.14,4.427e+10
2015-08-13,3954.56,3869.91,3955.79,3838.16,4.301e+10
2015-08-14,3965.33,3976.41,4000.68,3939.84,4.68e+10
2015-08-17,3993.67,3947.84,3994.54,3907.4,4.604e+10
2015-08-18,3748.16,3999.13,4006.34,3743.39,5.438e+10
2015-08-19,3794.11,3646.8,3811.43,3558.38,4.754e+10
2015-08-20,3664.29,3754.57,3788.01,3663.61,3.901e+10
2015-08-21,3507.74,3609.96,3652.84,3490.54,3.699e+10
2015-08-24,3209.91,3373.48,3388.36,3191.88,3.347e+10
2015-08-25,2964.97,3004.13,3123.03,2947.94,3.523e+10
2015-08-26,2927.29,2980.79,3092.04,2850.71,4.667e+10
2015-08-27,3083.59,2978.03,3085.42,2906.49,4.003e+10
2015-08-28,3232.35,3125.26,3235.84,3102.95,4.431e+10
2015-08-31,3205.99,3203.56,3207.86,3109.16,3.974e+10
2015-09-01,3166.62,3157.83,3180.33,3053.74,4.324e+10
2015-09-02,3160.17,3027.68,3194.48,3019.09,4.382e+10
2015-09-07,3080.42,3149.38,3217.58,3066.3,2.965e+10
2015-09-08,3170.45,3054.44,3174.71,3011.12,2.554e+10
2015-09-09,3243.09,3182.55,3256.74,3165.7,3.753e+10
2015-09-10,3197.89,3190.55,3243.28,3178.9,2.733e+10
2015-09-11,3200.23,3189.48,3223.76,3163.45,2.246e+10
2015-09-14,3114.8,3221.17,3229.48,3049.23,3.466e+10
2015-09-15,3005.17,3043.8,3081.7,2983.92,2.492e+10
2015-09-16,3152.26,2998.04,3182.93,2983.54,2.775e+10
2015-09-17,3086.06,3131.98,3204.7,3085.31,3.176e+10
2015-09-18,3097.92,3100.28,3122.05,3070.34,2.092e+10
2015-09-21,3156.54,3072.09,3159.88,3060.86,2.399e+10
2015-09-22,3185.62,3161.32,3213.48,3152.48,2.748e+10
2015-09-23,3115.89,3137.72,3164.04,3104.74,2.363e+10
2015-09-24,3142.69,3126.49,3151.16,3109.69,2.129e+10
2015-09-25,3092.35,3130.85,3149.95,3063,2.363e+10
2015-09-28,3100.76,3085.57,3103.07,3042.31,1.567e+10
2015-09-29,3038.14,3055.22,3068.3,3021.16,1.632e+10
2015-09-30,3052.78,3052.84,3073.3,3039.74,1.466e+10
2015-10-08,3143.36,3156.07,3172.28,3133.13,2.343e+10
2015-10-09,3183.15,3146.64,3192.72,3137.79,2.349e+10
2015-10-12,3287.66,3193.54,3318.71,3188.41,3.863e+10
2015-10-13,3293.23,3262.16,3298.63,3253.25,2.972e+10
2015-10-14,3262.44,3280.02,3307.32,3256.25,2.951e+10
2015-10-15,3338.07,3255.03,3338.3,3254.39,3.163e+10
2015-10-16,3391.35,3358.3,3393.02,3334.85,3.955e+10
2015-10-19,3386.7,3401.63,3423.4,3355.57,3.781e+10
2015-10-20,3425.33,3377.55,3425.52,3357.86,3.19e+10
2015-10-21,3320.68,3428.56,3447.26,3265.44,4.585e+10
2015-10-22,3368.74,3292.29,3373.78,3282.99,3.237e+10
2015-10-23,3412.43,3377.55,3422.02,3360.22,3.474e+10
2015-10-26,3429.58,3448.65,3457.52,3402,3.656e+10
2015-10-27,3434.34,3409.14,3441.57,3332.62,3.282e+10
2015-10-28,3375.2,3417.01,3439.76,3367.23,2.935e+10
2015-10-29,3387.32,3387.77,3411.71,3362.51,2.357e+10
2015-10-30,3382.56,3380.28,3417.2,3346.59,2.436e+10
2015-11-02,3325.08,3337.58,3391.06,3322.31,2.31e+10
2015-11-03,3316.7,3330.32,3346.27,3302.18,1.929e+10
2015-11-04,3459.64,3325.62,3459.65,3325.62,3.391e+10
2015-11-05,3522.82,3459.22,3585.66,3455.53,5.533e+10
2015-11-06,3590.03,3514.44,3596.38,3508.83,4.292e+10
2015-11-09,3646.88,3588.5,3673.76,3588.5,5.03e+10
2015-11-10,3640.49,3617.4,3669.53,3607.89,4.297e+10
2015-11-11,3650.25,3635,3654.88,3605.62,3.61e+10
2015-11-12,3632.9,3656.82,3659.31,3603.23,3.617e+10
2015-11-13,3580.84,3600.76,3632.56,3564.81,3.459e+10
2015-11-16,3606.96,3522.46,3607.61,3519.42,2.762e+10
2015-11-17,3604.8,3629.98,3678.27,3598.07,3.836e+10
2015-11-18,3568.47,3605.06,3617.07,3558.7,2.976e+10
2015-11-19,3617.06,3573.78,3618.21,3561.04,2.479e+10
2015-11-20,3630.5,3620.79,3640.53,3607.92,3.108e+10
2015-11-23,3610.31,3630.87,3654.75,3598.87,3.16e+10
2015-11-24,3616.11,3602.89,3616.48,3563.1,2.488e+10
2015-11-25,3647.93,3614.07,3648.37,3607.52,2.73e+10
2015-11-26,3635.55,3659.57,3668.38,3629.86,3.068e+10
2015-11-27,3436.3,3616.54,3621.9,3412.43,3.543e+10
2015-11-30,3445.4,3433.86,3470.37,3327.81,3.042e+10
2015-12-01,3456.31,3442.44,3483.41,3417.55,2.524e+10
2015-12-02,3536.91,3450.28,3538.85,3427.66,3.015e+10
2015-12-03,3584.82,3525.73,3591.73,3517.23,2.811e+10
2015-12-04,3524.99,3558.15,3568.97,3510.41,2.517e+10
2015-12-07,3536.93,3529.81,3543.95,3506.62,2.083e+10
2015-12-08,3470.07,3518.65,3518.65,3466.79,2.244e+10
2015-12-09,3472.44,3462.58,3495.7,3454.88,1.957e+10
2015-12-10,3455.5,3469.81,3503.65,3446.27,2.004e+10
2015-12-11,3434.58,3441.6,3455.55,3410.92,1.829e+10
2015-12-14,3520.67,3403.51,3521.78,3399.28,2.154e+10
2015-12-15,3510.35,3518.13,3529.96,3496.85,2.005e+10
2015-12-16,3516.19,3522.09,3538.69,3506.29,1.935e+10
2015-12-17,3580,3533.63,3583.41,3533.63,2.839e+10
2015-12-18,3578.96,3574.94,3614.7,3568.16,2.737e+10
2015-12-21,3642.47,3568.58,3651.06,3565.75,2.998e+10
2015-12-22,3651.77,3645.99,3652.63,3616.87,2.612e+10
2015-12-23,3636.09,3653.28,3684.57,3633.03,2.982e+10
2015-12-24,3612.49,3631.31,3640.22,3572.28,2.278e+10
2015-12-25,3627.91,3614.05,3635.26,3601.74,1.985e+10
2015-12-28,3533.78,3635.77,3641.59,3533.78,2.7e+10
2015-12-29,3563.74,3528.4,3564.17,3515.52,1.826e+10
2015-12-30,3572.88,3566.73,3573.68,3538.11,1.879e+10
2015-12-31,3539.18,3570.47,3580.6,3538.35,1.77e+10
2016-01-04,3296.26,3536.59,3538.69,3295.74,1.844e+10
2016-01-05,3287.71,3196.65,3328.14,3189.6,2.669e+10
2016-01-06,3361.84,3291.19,3362.97,3288.93,2.389e+10
2016-01-07,3125,3309.66,3309.66,3115.89,7.06e+09
2016-01-08,3186.41,3194.63,3235.45,3056.88,2.864e+10
2016-01-11,3016.7,3131.85,3166.22,3016.7,2.716e+10
2016-01-12,3022.86,3026.16,3047.66,2978.46,2.077e+10
2016-01-13,2949.6,3041.11,3059.01,2949.29,1.943e+10
2016-01-14,3007.65,2874.05,3012.29,2867.55,2.129e+10
2016-01-15,2900.97,2988.05,3001.71,2883.87,1.987e+10
2016-01-18,2913.84,2847.54,2945.45,2844.7,1.647e+10
2016-01-19,3007.74,2914.41,3012.07,2906.4,2.053e+10
2016-01-20,2976.69,2993.01,3016.28,2951.92,2.165e+10
2016-01-21,2880.48,2934.39,2998.79,2880.08,1.917e+10
2016-01-22,2916.56,2911.11,2931.36,2851.73,1.598e+10
2016-01-25,2938.51,2934.08,2955.78,2911.83,1.53e+10
2016-01-26,2749.79,2907.72,2911.99,2743.84,2.108e+10
2016-01-27,2735.56,2756.08,2768.77,2638.3,2.157e+10
2016-01-28,2655.66,2711.16,2740.54,2647.49,1.711e+10
2016-01-29,2737.6,2652.85,2755.37,2649.79,1.867e+10
2016-02-01,2688.85,2730.98,2735.26,2655.62,1.564e+10
2016-02-02,2749.57,2687.98,2755.16,2687.98,1.581e+10
2016-02-03,2739.25,2719.57,2746.07,2696.88,1.484e+10
2016-02-04,2781.02,2751.43,2793.3,2751.31,1.704e+10
2016-02-05,2763.49,2783.08,2790.06,2762.16,1.412e+10
2016-02-15,2746.2,2684.96,2760.36,2682.09,1.293e+10
2016-02-16,2836.57,2758.58,2840.62,2758.58,1.96e+10
2016-02-17,2867.34,2829.76,2868.7,2824.36,2.169e+10
2016-02-18,2862.89,2881.78,2893.21,2857.7,2.192e+10
2016-02-19,2860.02,2854.9,2872.72,2840.49,1.634e+10
2016-02-22,2927.18,2888.6,2933.96,2880.35,2.322e+10
2016-02-23,2903.33,2925.71,2928.05,2872.28,1.997e+10
2016-02-24,2928.9,2889.88,2929.87,2872.27,2.134e+10
2016-02-25,2741.25,2922.24,2922.24,2729.85,2.703e+10
2016-02-26,2767.21,2760.06,2784.75,2715.87,1.911e+10
2016-02-29,2687.98,2754.81,2755.89,2638.96,2.074e+10
2016-03-01,2733.17,2688.38,2747.56,2668.76,1.872e+10
2016-03-02,2849.68,2733.77,2852.7,2732.54,2.71e+10
2016-03-03,2859.76,2847.33,2878.45,2840.87,2.875e+10
2016-03-04,2874.15,2848.54,2880.37,2808.85,3.125e+10
2016-03-07,2897.34,2886.64,2911.84,2871.35,2.175e+10
2016-03-08,2901.39,2895.67,2902.62,2802.56,2.335e+10
2016-03-09,2862.56,2839.41,2863.01,2811.72,1.834e+10
2016-03-10,2804.73,2847.57,2863.18,2803.48,1.39e+10
2016-03-11,2810.31,2781.6,2815.61,2772.55,1.272e+10
2016-03-14,2859.5,2830.08,2889.82,2823.03,1.948e+10
2016-03-15,2864.37,2853.98,2865.79,2819.79,1.634e+10
2016-03-16,2870.43,2858.71,2881.53,2854.19,1.865e+10
2016-03-17,2904.83,2875.41,2921,2857.19,2.003e+10
2016-03-18,2955.15,2915.52,2971.55,2908.74,3.133e+10
2016-03-21,3018.8,2978.46,3028.32,2973.76,3.524e+10
2016-03-22,2999.36,3001.63,3019.1,2988.43,2.704e+10
2016-03-23,3009.96,2991.17,3012.56,2980.86,2.17e+10
2016-03-24,2960.97,2986.8,2998.15,2960.54,2.37e+10
2016-03-25,2979.43,2956.2,2981.41,2952.11,1.751e+10
2016-03-28,2957.82,2988.01,3008.17,2948.53,2.02e+10
2016-03-29,2919.83,2956.71,2962.2,2905.25,1.83e+10
2016-03-30,3000.64,2941.22,3001.11,2941.22,2.104e+10
2016-03-31,3003.92,3009.37,3023.41,2992.92,2.204e+10
2016-04-01,3009.53,2997.09,3009.67,2956.25,2.065e+10
2016-04-05,3053.07,3000.94,3057.33,2993.15,2.567e+10
2016-04-06,3050.59,3039.74,3059.79,3029,2.323e+10
2016-04-07,3008.42,3058.34,3062.36,3007.06,2.209e+10
2016-04-08,2984.96,2988.2,2996.17,2960.46,1.879e+10
2016-04-11,3033.96,3006.91,3048.98,3006.91,2.2e+10
2016-04-12,3023.65,3031.3,3036.82,3001.32,1.827e+10
2016-04-13,3066.64,3041.36,3097.16,3041.36,3.1e+10
2016-04-14,3082.36,3080.09,3086.7,3056.99,2.082e+10
2016-04-15,3078.12,3085.03,3089.95,3066.87,1.896e+10
2016-04-18,3033.66,3058.46,3058.46,3022.97,1.833e+10
2016-04-19,3042.82,3047.13,3054.5,3024.9,1.565e+10
2016-04-20,2972.58,3050.38,3055.69,2905.05,2.831e+10
2016-04-21,2952.89,2954.37,2990.67,2943.46,1.894e+10
2016-04-22,2959.24,2933.03,2960.21,2926.78,1.372e+10
2016-04-25,2946.67,2949.97,2954.09,2917.02,1.259e+10
2016-04-26,2964.7,2944.72,2965.43,2933.97,1.177e+10
2016-04-27,2953.67,2967.19,2976.02,2949.43,1.309e+10
2016-04-28,2945.59,2955.74,2959.51,2916.37,1.387e+10
2016-04-29,2938.32,2935.38,2950.58,2930.36,1.093e+10
2016-05-03,2992.64,2940.39,2993.53,2929.81,1.687e+10
2016-05-04,2991.27,2983.03,3004.42,2978.33,1.654e+10
2016-05-05,2997.84,2987.02,2999.12,2977.2,1.448e+10
2016-05-06,2913.25,2998.4,3003.59,2913.04,2.068e+10
2016-05-09,2832.11,2896.16,2896.16,2821.83,1.804e+10
2016-05-10,2832.59,2822.33,2845.24,2820.16,1.208e+10
2016-05-11,2837.04,2843.54,2857.25,2818.7,1.358e+10
2016-05-12,2835.86,2812.11,2839.28,2781.24,1.363e+10
2016-05-13,2827.11,2828.46,2850.09,2814.11,1.143e+10
2016-05-16,2850.86,2816.78,2851.23,2804.99,1.147e+10
2016-05-17,2843.68,2850.93,2860.32,2832.46,1.234e+10
2016-05-18,2807.51,2828.18,2828.26,2781.42,1.405e+10
2016-05-19,2806.91,2802.31,2829.4,2801.55,1.116e+10
2016-05-20,2825.48,2792.89,2825.95,2785.08,1.087e+10
2016-05-23,2843.64,2826.31,2848.07,2826.26,1.205e+10
2016-05-24,2821.67,2839.68,2839.7,2807.19,1.115e+10
2016-05-25,2815.09,2835.03,2843.16,2807.75,1.035e+10
2016-05-26,2822.44,2813.54,2827.09,2780.76,1.148e+10
2016-05-27,2821.05,2817.97,2832.8,2809.8,1.098e+10
2016-05-30,2822.45,2814.65,2830.97,2794.66,1.063e+10
2016-05-31,2916.62,2822.59,2917.14,2822.59,2.153e+10
2016-06-01,2913.51,2917.15,2929.08,2909.51,1.884e+10
2016-06-02,2925.23,2911.22,2925.67,2906.52,1.597e+10
2016-06-03,2938.68,2929.79,2945.52,2915.18,1.72e+10
2016-06-06,2934.1,2940.99,2945.94,2922.28,1.42e+10
2016-06-07,2936.04,2936.28,2938.44,2923.5,1.33e+10
2016-06-08,2927.16,2932.38,2937.99,2908.37,1.43e+10
2016-06-13,2833.07,2897.27,2911.16,2832.51,1.693e+10
2016-06-14,2842.19,2824.23,2843.46,2822.06,1.198e+10
2016-06-15,2887.21,2814.69,2894.26,2811.78,1.667e+10
2016-06-16,2872.82,2878.4,2887.74,2865.39,1.739e+10
2016-06-17,2885.11,2873.01,2900.3,2872.18,1.715e+10
2016-06-20,2888.81,2887.64,2891.66,2864.02,1.366e+10
2016-06-21,2878.56,2898.38,2919.3,2869.18,1.644e+10
2016-06-22,2905.55,2872.73,2905.98,2869.51,1.306e+10
2016-06-23,2891.96,2902.4,2904.11,2878.66,1.361e+10
2016-06-24,2854.29,2883.76,2899.57,2807.6,1.908e+10
2016-06-27,2895.7,2840.56,2895.73,2840.28,1.567e+10
2016-06-28,2912.56,2885.01,2913.58,2878.82,1.739e+10
2016-06-29,2931.59,2918.53,2934,2915.06,1.932e+10
2016-06-30,2929.61,2931.48,2938.14,2922.31,1.545e+10
2016-07-01,2932.48,2931.8,2944.99,2925.81,1.412e+10
2016-07-04,2988.6,2924.29,2992.5,2922.52,2.22e+10
2016-07-05,3006.39,2991.75,3010.28,2990.64,2.352e+10
2016-07-06,3017.29,2998.52,3017.65,2984.83,2.124e+10
2016-07-07,3016.85,3009.35,3024.11,2994.64,2.227e+10
2016-07-08,2988.09,3000.33,3001.55,2983.88,1.69e+10
2016-07-11,2994.92,2993.75,3022.94,2990.91,2.243e+10
2016-07-12,3049.38,2992.52,3049.68,2984.42,2.595e+10
2016-07-13,3060.69,3049.51,3069.05,3048.2,2.537e+10
2016-07-14,3054.02,3054.97,3057.05,3036.52,1.802e+10
2016-07-15,3054.3,3056.68,3062.68,3044.54,1.729e+10
2016-07-18,3043.56,3047.64,3058.32,3031.64,1.775e+10
2016-07-19,3036.6,3040.23,3043.6,3014.29,1.554e+10
2016-07-20,3027.9,3034.71,3043,3022.63,1.382e+10
2016-07-21,3039.01,3027.6,3053.33,3027.37,1.638e+10
2016-07-22,3012.82,3038.12,3039.27,3007.46,1.62e+10
2016-07-25,3015.83,3008.09,3027.12,3003.29,1.442e+10
2016-07-26,3050.17,3014.04,3050.61,3013.8,1.567e+10
2016-07-27,2992,3050.37,3057.42,2939.23,2.802e+10
2016-07-28,2994.32,2980.5,3003.36,2968.18,1.906e+10
2016-07-29,2979.34,2992.54,3000.05,2972.92,1.501e+10
2016-08-01,2953.39,2971.95,2972.88,2931.96,1.474e+10
2016-08-02,2971.28,2950.08,2971.28,2946.64,1.155e+10
2016-08-03,2978.46,2963.21,2981.16,2956.79,1.411e+10
2016-08-04,2982.43,2976.41,2982.86,2958.93,1.339e+10
2016-08-05,2976.7,2978.78,2991.68,2971.56,1.419e+10
2016-08-08,3004.28,2972.62,3004.72,2959.05,1.557e+10
2016-08-09,3025.68,3001.31,3025.91,2998.68,1.7e+10
2016-08-10,3018.75,3023.47,3033.2,3017.09,1.647e+10
2016-08-11,3002.64,3013.68,3038.05,3001.17,1.619e+10
2016-08-12,3050.67,3000.27,3051.05,2999.04,1.682e+10
2016-08-15,3125.2,3056.48,3137.48,3053.87,2.976e+10
2016-08-16,3110.04,3130.53,3140.44,3102.07,2.783e+10
2016-08-17,3109.55,3106.99,3114.25,3090.28,2.138e+10
2016-08-18,3104.11,3107.75,3125.58,3093.32,2.294e+10
2016-08-19,3108.1,3100.39,3113.34,3082.77,1.943e+10
2016-08-22,3084.81,3107.38,3112.74,3083.59,1.854e+10
2016-08-23,3089.71,3081.57,3101.11,3073.53,1.614e+10
2016-08-24,3085.88,3092.02,3097.15,3079.55,1.457e+10
2016-08-25,3068.33,3073.44,3073.44,3041.51,1.74e+10
2016-08-26,3070.31,3069.85,3087.65,3063.89,1.497e+10
2016-08-29,3070.03,3068.46,3074.94,3058.79,1.445e+10
2016-08-30,3074.68,3071.44,3082.99,3065.97,1.404e+10
2016-08-31,3085.49,3072.92,3087.7,3063.4,1.414e+10
2016-09-01,3063.31,3083.96,3088.7,3062.88,1.552e+10
2016-09-02,3067.35,3057.49,3072.53,3050.49,1.504e+10
2016-09-05,3072.1,3070.71,3085.49,3065.33,1.45e+10
2016-09-06,3090.71,3071.06,3095.51,3053.19,1.729e+10
2016-09-07,3091.93,3091.33,3105.68,3087.88,1.87e+10
2016-09-08,3095.95,3089.95,3096.78,3083.9,1.459e+10
2016-09-09,3078.85,3095.43,3101.79,3078.22,1.607e+10
2016-09-12,3021.98,3037.51,3040.95,2999.93,2.06e+10
2016-09-13,3023.51,3025.03,3029.72,3008.74,1.354e+10
2016-09-14,3002.85,3008.9,3017.94,2995.42,1.334e+10
2016-09-19,3026.05,3005.32,3026.65,3005.32,1.192e+10
2016-09-20,3023,3027.17,3027.82,3015.88,1.189e+10
2016-09-21,3025.87,3021.58,3032.45,3017.54,1.157e+10
2016-09-22,3042.31,3038.42,3054.44,3035.07,1.393e+10
2016-09-23,3033.9,3044.79,3046.8,3032.8,1.256e+10
2016-09-26,2980.43,3028.24,3028.24,2980.12,1.443e+10
2016-09-27,2998.17,2974.59,2998.23,2969.13,1.217e+10
2016-09-28,2987.86,3000.7,3000.7,2984.32,1.046e+10
2016-09-29,2998.48,2992.17,3009.2,2991.91,1.132e+10
2016-09-30,3004.7,2994.25,3009.2,2993.06,1.013e+10
2016-10-10,3048.14,3020.46,3048.24,3014.62,1.601e+10
2016-10-11,3065.25,3051.62,3066.1,3048.02,1.673e+10
2016-10-12,3058.5,3057.32,3060.51,3048.89,1.425e+10
2016-10-13,3061.35,3057.97,3065,3052.64,1.548e+10
2016-10-14,3063.81,3056.99,3064.79,3043.18,1.554e+10
2016-10-17,3041.17,3064.69,3068.81,3033.75,1.637e+10
2016-10-18,3083.88,3037.4,3084.19,3037.4,1.82e+10
2016-10-19,3084.72,3085.75,3096.22,3076.77,1.825e+10
2016-10-20,3084.46,3084.91,3089.68,3076.29,1.607e+10
2016-10-21,3090.94,3081.39,3101.85,3069.27,1.874e+10
2016-10-24,3128.25,3092.05,3137.03,3090.79,2.405e+10
2016-10-25,3131.94,3127.97,3132.5,3121.05,2.034e+10
2016-10-26,3116.31,3129.84,3129.84,3110.39,1.917e+10
2016-10-27,3112.35,3112.6,3114.76,3100.39,1.58e+10
2016-10-28,3104.27,3111.7,3128.64,3101.24,1.818e+10
2016-10-31,3100.49,3097.19,3102.3,3081.07,1.515e+10
2016-11-01,3122.44,3101.66,3122.61,3097.04,1.602e+10
2016-11-02,3102.73,3115.73,3118.98,3099.82,1.827e+10
2016-11-03,3128.94,3096.76,3140.93,3094.1,2.23e+10
2016-11-04,3125.32,3126.35,3141.33,3119.54,1.977e+10
2016-11-07,3133.33,3124.89,3139.2,3117.1,1.794e+10
2016-11-08,3147.89,3140.94,3156.88,3134.95,1.908e+10
2016-11-09,3128.37,3146.08,3146.95,3096.95,2.411e+10
2016-11-10,3171.28,3148.54,3172.31,3148.54,2.442e+10
2016-11-11,3196.04,3169.4,3202.74,3166.07,3.109e+10
2016-11-14,3210.37,3187.71,3221.46,3186.8,3.296e+10
2016-11-15,3206.99,3209.95,3214.29,3195.04,2.409e+10
2016-11-16,3205.06,3208.5,3210.89,3195.41,2.218e+10
2016-11-17,3208.45,3198.5,3211.05,3187.21,2.142e+10
2016-11-18,3192.86,3207.19,3212.39,3187.5,2.098e+10
2016-11-21,3218.15,3188.5,3229.76,3188.28,2.307e+10
2016-11-22,3248.35,3220.98,3249.68,3220.98,2.616e+10
2016-11-23,3241.14,3247.94,3262.88,3231.59,2.5e+10
2016-11-24,3241.74,3237.43,3257.86,3232.87,2.323e+10
2016-11-25,3261.94,3241.24,3262.44,3209.6,2.339e+10
2016-11-28,3277,3270.05,3288.34,3267.67,2.816e+10
2016-11-29,3282.92,3269.23,3301.21,3263.4,3.208e+10
2016-11-30,3250.03,3272.14,3277.27,3239.52,2.436e+10
2016-12-01,3273.31,3257.03,3279.67,3256.26,2.378e+10
2016-12-02,3243.84,3270.12,3279.71,3235.28,2.596e+10
2016-12-05,3204.71,3203.78,3219.52,3194.88,2.23e+10
2016-12-06,3199.65,3202.03,3215.31,3196.52,1.576e+10
2016-12-07,3222.24,3198.47,3222.43,3189.49,1.691e+10
2016-12-08,3215.37,3225.55,3228.12,3211.47,1.707e+10
2016-12-09,3232.88,3209.34,3244.8,3207.04,2.04e+10
2016-12-12,3152.97,3233.67,3245.09,3149.9,2.747e+10
2016-12-13,3155.04,3138.99,3162.5,3118.71,1.852e+10
2016-12-14,3140.53,3149.38,3170.02,3136.35,2.014e+10
2016-12-15,3117.68,3125.76,3138.78,3100.91,1.9e+10
2016-12-16,3122.98,3111.51,3128.87,3106.35,1.65e+10
2016-12-19,3118.08,3120.7,3125.28,3110.08,1.542e+10
2016-12-20,3102.88,3115.9,3117.01,3084.8,1.574e+10
2016-12-21,3137.43,3107.24,3140.25,3107.24,1.867e+10
2016-12-22,3139.56,3132.16,3143.17,3126.89,1.678e+10
2016-12-23,3110.15,3134.93,3138.4,3103.75,1.662e+10
2016-12-26,3122.57,3095.58,3122.88,3068.41,1.526e+10
2016-12-27,3114.66,3117.39,3127.88,3113.75,1.415e+10
2016-12-28,3102.24,3113.77,3118.78,3094.55,1.357e+10
2016-12-29,3096.1,3095.84,3111.8,3087.34,1.326e+10
2016-12-30,3103.64,3097.35,3108.84,3089.99,1.333e+10
2017-01-03,3135.92,3105.31,3136.46,3105.31,1.416e+10
2017-01-04,3158.79,3133.79,3160.1,3130.11,1.679e+10
2017-01-05,3165.41,3157.91,3168.5,3154.28,1.747e+10
2017-01-06,3154.32,3163.78,3172.03,3153.03,1.837e+10
2017-01-09,3171.24,3148.53,3173.14,3147.74,1.717e+10
2017-01-10,3161.67,3167.57,3174.58,3157.33,1.798e+10
2017-01-11,3136.75,3156.69,3167.03,3136.27,1.784e+10
2017-01-12,3119.29,3133.6,3144.97,3115.98,1.489e+10
2017-01-13,3112.76,3116.08,3130.51,3102.16,1.563e+10
2017-01-16,3103.43,3104.49,3105.14,3044.29,2.579e+10
2017-01-17,3108.77,3087.03,3108.91,3072.34,1.362e+10
2017-01-18,3113.01,3104.77,3123.72,3098.59,1.318e+10
2017-01-19,3101.3,3104.97,3115.78,3094.01,1.239e+10
2017-01-20,3123.14,3095.82,3125.66,3095.21,1.224e+10
2017-01-23,3136.77,3125.42,3145.84,3125.42,1.327e+10
2017-01-24,3142.55,3134.59,3149.53,3131.22,1.26e+10
2017-01-25,3149.55,3137.65,3151.47,3133.19,1.121e+10
2017-01-26,3159.17,3149.22,3163.1,3148.91,1.139e+10
2017-02-03,3140.17,3160.08,3162.68,3136.01,9.22e+09
2017-02-06,3156.98,3143.09,3158.84,3135.39,1.272e+10
2017-02-07,3153.09,3154.4,3159.54,3140.04,1.283e+10
2017-02-08,3166.98,3148.09,3167.45,3132.03,1.449e+10
2017-02-09,3183.18,3164.69,3186.84,3162.57,1.916e+10
2017-02-10,3196.7,3183.01,3205.05,3182.8,2.393e+10
2017-02-13,3216.84,3198.99,3219.41,3198.99,2.202e+10
2017-02-14,3217.93,3216.14,3219.4,3205.29,1.888e+10
2017-02-15,3212.99,3215.46,3236,3206.56,2.415e+10
2017-02-16,3229.62,3210.36,3230.28,3207.79,2.17e+10
2017-02-17,3202.08,3227.71,3238.4,3199.42,2.262e+10
2017-02-20,3239.96,3198.96,3241.46,3198.96,2.322e+10
2017-02-21,3253.33,3242.22,3254.34,3239.88,2.117e+10
2017-02-22,3261.22,3252.69,3261.38,3243.84,2.075e+10
2017-02-23,3251.38,3258.83,3264.08,3236.35,2.092e+10
2017-02-24,3253.43,3246.86,3253.96,3233.53,1.864e+10
2017-02-27,3228.66,3249.19,3251.65,3224.09,1.826e+10
2017-02-28,3241.73,3225.97,3242.68,3225.97,1.512e+10
2017-03-01,3246.93,3240.07,3259.98,3237.87,1.907e+10
2017-03-02,3230.03,3250.52,3256.81,3228.66,1.812e+10
2017-03-03,3218.31,3219.2,3221.16,3206.61,1.571e+10
2017-03-06,3233.87,3217.33,3234.66,3215.07,1.561e+10
2017-03-07,3242.41,3233.09,3242.66,3226.82,1.641e+10
2017-03-08,3240.66,3240.53,3245.3,3230.61,1.607e+10
2017-03-09,3216.75,3233.7,3233.87,3205.28,1.674e+10
2017-03-10,3212.76,3213.73,3222.32,3208.45,1.367e+10
2017-03-13,3237.02,3209.45,3237.12,3193.16,1.637e+10
2017-03-14,3239.33,3235.25,3246.33,3231.52,1.469e+10
2017-03-15,3241.76,3235.4,3243.71,3227.74,1.441e+10
2017-03-16,3268.94,3247.16,3269.77,3247.16,1.894e+10
2017-03-17,3237.45,3271.87,3274.19,3232.28,2.006e+10
2017-03-20,3250.81,3241.11,3251.13,3228.12,1.705e+10
2017-03-21,3261.61,3250.25,3262.22,3246.7,1.627e+10
2017-03-22,3245.22,3246.22,3255.78,3229.13,1.897e+10
2017-03-23,3248.55,3245.81,3262.09,3221.93,1.93e+10
2017-03-24,3269.45,3247.35,3275.21,3241.12,2.198e+10
2017-03-27,3266.96,3268.92,3283.24,3262.12,2.019e+10
2017-03-28,3252.95,3265.63,3265.63,3246.09,1.617e+10
2017-03-29,3241.31,3252.87,3262.1,3233.28,2.161e+10
2017-03-30,3210.24,3235.14,3240.02,3195.85,2.471e+10
2017-03-31,3222.51,3206.25,3226.25,3205.54,1.964e+10
2017-04-05,3270.31,3235.66,3270.65,3233.24,2.483e+10
2017-04-06,3281,3272.19,3286.67,3265.76,2.453e+10
2017-04-07,3286.62,3280.62,3295.19,3275.05,2.361e+10
2017-04-10,3269.39,3285.46,3285.46,3265.01,2.327e+10
2017-04-11,3288.97,3266.22,3290.39,3244.4,2.813e+10
2017-04-12,3273.83,3283.84,3284.93,3262.28,2.694e+10
2017-04-13,3275.96,3265.22,3281.14,3261.49,2.073e+10
2017-04-14,3246.07,3276.14,3276.71,3238.9,2.145e+10
2017-04-17,3222.17,3229.95,3229.95,3199.91,2.127e+10
2017-04-18,3196.71,3215.4,3225.05,3196.49,1.887e+10
2017-04-19,3170.69,3184.67,3189.44,3147.07,2.132e+10
2017-04-20,3172.1,3165.66,3178.18,3148.18,1.909e+10
2017-04-21,3173.15,3170.29,3180.79,3158.63,1.648e+10
2017-04-24,3129.53,3164.25,3164.25,3111.21,1.863e+10
2017-04-25,3134.57,3123.89,3145.27,3117.45,1.534e+10
2017-04-26,3140.85,3132.92,3152.95,3131.42,1.699e+10
2017-04-27,3152.19,3131.35,3155,3097.33,2.118e+10
2017-04-28,3154.66,3144.02,3154.73,3136.58,1.629e+10
2017-05-02,3143.71,3147.23,3154.78,3136.54,1.542e+10
2017-05-03,3135.35,3138.31,3148.29,3123.75,1.638e+10
2017-05-04,3127.37,3127.11,3143.82,3111.39,1.78e+10
2017-05-05,3103.04,3114.77,3117.61,3092.09,1.762e+10
2017-05-08,3078.61,3090.07,3093.45,3067.69,1.805e+10
2017-05-09,3080.53,3064.85,3084.21,3056.56,1.351e+10
2017-05-10,3052.78,3078.17,3090.82,3051.59,1.608e+10
2017-05-11,3061.5,3036.79,3063.56,3016.53,1.913e+10
2017-05-12,3083.51,3054.11,3090.49,3051.87,1.597e+10
2017-05-15,3090.23,3085.93,3098.91,3085.93,1.357e+10
2017-05-16,3112.96,3082.87,3113.51,3060.53,1.738e+10
2017-05-17,3104.44,3107.8,3119.58,3101.3,1.687e+10
2017-05-18,3090.14,3082.33,3103.44,3077.96,1.486e+10
2017-05-19,3090.63,3086.71,3095.48,3081.28,1.296e+10
2017-05-22,3075.68,3087.17,3103.94,3063.15,1.537e+10
2017-05-23,3061.95,3069.39,3084.24,3050.84,1.783e+10
2017-05-24,3064.08,3047.57,3064.81,3022.3,1.398e+10
2017-05-25,3107.83,3055.34,3114.66,3052.83,1.914e+10
2017-05-26,3110.06,3101.29,3120.66,3100.39,1.559e+10
2017-05-31,3117.18,3125.33,3143.28,3111.56,1.529e+10
2017-06-01,3102.62,3108.42,3113.52,3097.68,1.63e+10
2017-06-02,3105.54,3094.23,3110.39,3081.85,1.425e+10
2017-06-05,3091.66,3102.11,3105.51,3084.83,1.326e+10
2017-06-06,3102.13,3084.54,3102.86,3078.79,1.134e+10
2017-06-07,3140.32,3101.76,3140.77,3098.95,1.732e+10
2017-06-08,3150.33,3136.47,3153.26,3132.83,1.523e+10
2017-06-09,3158.4,3147.45,3165.92,3146.11,1.601e+10
2017-06-12,3139.88,3149.53,3164.95,3135.31,1.467e+10
2017-06-13,3153.74,3134.01,3155.99,3131.04,1.283e+10
2017-06-14,3130.67,3146.75,3149.17,3125.35,1.383e+10
2017-06-15,3132.49,3125.59,3137.59,3117.08,1.47e+10
2017-06-16,3123.17,3126.37,3134.25,3117.86,1.297e+10
2017-06-19,3144.37,3122.16,3146.77,3121.78,1.349e+10
2017-06-20,3140.01,3148.02,3150.46,3134.61,1.412e+10
2017-06-21,3156.21,3148.99,3157.03,3132.62,1.367e+10
2017-06-22,3147.45,3152.24,3186.98,3146.64,1.913e+10
2017-06-23,3157.87,3138.44,3158.05,3118.09,1.548e+10
2017-06-26,3185.44,3157,3187.89,3156.98,1.736e+10
2017-06-27,3191.2,3183.42,3193.46,3172.46,1.482e+10
2017-06-28,3173.2,3183.63,3193.44,3170.79,1.465e+10
2017-06-29,3188.06,3174.98,3188.77,3174.28,1.288e+10
2017-06-30,3192.43,3176.95,3193.24,3171.57,1.215e+10
2017-07-03,3195.91,3192,3196.29,3177.02,1.403e+10
2017-07-04,3182.8,3192.89,3193.06,3174.31,1.411e+10
2017-07-05,3207.13,3179.22,3207.31,3174.71,1.483e+10
2017-07-06,3212.44,3203.86,3215.95,3188.77,1.758e+10
2017-07-07,3217.96,3203.82,3219.52,3195.29,1.767e+10
2017-07-10,3212.63,3208.46,3223.34,3203.21,1.989e+10
2017-07-11,3203.04,3201.52,3226.91,3199.22,1.878e+10
2017-07-12,3197.54,3201.93,3215.2,3177.93,1.869e+10
2017-07-13,3218.16,3192.36,3219.27,3190.34,1.953e+10
2017-07-14,3222.42,3212.03,3222.98,3204.85,1.601e+10
2017-07-17,3176.46,3219.79,3230.35,3139.5,2.662e+10
2017-07-18,3187.57,3159.73,3187.67,3150.13,1.906e+10
2017-07-19,3230.98,3181.4,3232.94,3179.73,2.724e+10
2017-07-20,3244.86,3227.51,3246.24,3225.43,2.321e+10
2017-07-21,3237.98,3236.59,3247.71,3231.96,2.06e+10
2017-07-24,3250.6,3230.9,3261.1,3230.07,2.331e+10
2017-07-25,3243.69,3249.14,3261.65,3233.14,2.056e+10
2017-07-26,3247.67,3244.46,3264.85,3228.04,2.135e+10
2017-07-27,3249.78,3243.76,3251.93,3220.64,2.285e+10
2017-07-28,3253.24,3240.17,3256.37,3232.96,1.822e+10
2017-07-31,3273.03,3252.75,3276.95,3251.19,2.46e+10
2017-08-01,3292.64,3274.37,3292.64,3273.5,2.372e+10
2017-08-02,3285.06,3288.52,3305.43,3282.04,2.667e+10
2017-08-03,3272.93,3279.99,3293.37,3262.16,2.333e+10
2017-08-04,3262.08,3269.32,3287.19,3261.31,2.759e+10
2017-08-07,3279.46,3257.67,3280.1,3243.72,2.312e+10
2017-08-08,3281.87,3277.19,3285.48,3269.66,2.52e+10
2017-08-09,3275.57,3277.81,3277.94,3263.85,2.356e+10
2017-08-10,3261.75,3269.73,3282.52,3236.18,2.407e+10
2017-08-11,3208.54,3237.92,3245.12,3200.75,2.63e+10
2017-08-14,3237.36,3206.04,3240.05,3206.04,1.903e+10
2017-08-15,3251.26,3235.23,3263.59,3235.1,1.823e+10
2017-08-16,3246.45,3247.85,3248.78,3228.87,1.769e+10
2017-08-17,3268.43,3253.85,3269.14,3251.46,2.036e+10
2017-08-18,3268.72,3253.24,3275.08,3248.08,1.911e+10
2017-08-21,3286.91,3274.58,3287.52,3270.48,1.861e+10
2017-08-22,3290.23,3287.61,3293.48,3274.94,1.865e+10
2017-08-23,3287.7,3283.8,3299.46,3274.44,1.798e+10
2017-08-24,3271.51,3287.96,3297.99,3266.36,1.635e+10
2017-08-25,3331.52,3271.46,3331.91,3271.46,2.058e+10
2017-08-28,3362.65,3336.13,3375.03,3336.13,2.575e+10
2017-08-29,3365.23,3362.06,3374.59,3354.46,2.195e+10
2017-08-30,3363.63,3361.82,3376.65,3357.08,2.469e+10
2017-08-31,3360.81,3361.46,3367.36,3340.69,2.344e+10
2017-09-01,3367.12,3365.99,3381.93,3358.47,2.825e+10
2017-09-04,3379.58,3369.72,3381.4,3359.13,2.674e+10
2017-09-05,3384.32,3377.2,3390.82,3371.57,2.166e+10
2017-09-06,3385.39,3372.43,3391.01,3364.76,2.291e+10
2017-09-07,3365.5,3383.63,3387.8,3363.18,2.211e+10
2017-09-08,3365.24,3364.43,3380.89,3353.69,1.984e+10
2017-09-11,3376.42,3365.35,3384.81,3360.05,2.19e+10
2017-09-12,3379.49,3381.49,3391.07,3370.85,2.729e+10
2017-09-13,3384.15,3374.72,3387.14,3366.54,1.946e+10
2017-09-14,3371.43,3383.47,3391.64,3361.33,2.213e+10
2017-09-15,3353.62,3365.15,3365.53,3345.33,2.198e+10
2017-09-18,3362.86,3352.51,3371.75,3352.51,1.903e+10
2017-09-19,3356.84,3365.53,3370.4,3344.71,1.911e+10
2017-09-20,3366,3352.18,3370.1,3346.54,1.922e+10
2017-09-21,3357.81,3364.7,3377.88,3356.88,1.974e+10
2017-09-22,3352.53,3347.16,3356.45,3334.98,1.792e+10
2017-09-25,3341.55,3344.59,3350.96,3334.94,1.696e+10
2017-09-26,3343.58,3336.35,3347.16,3332.6,1.326e+10
2017-09-27,3345.27,3340.82,3349.69,3340.3,1.431e+10
2017-09-28,3339.64,3343.84,3344.6,3336.18,1.494e+10
2017-09-29,3348.94,3340.31,3357.02,3340.31,1.449e+10
2017-10-09,3374.38,3403.25,3410.17,3366.97,1.917e+10
2017-10-10,3382.99,3373.34,3384.03,3358.8,1.794e+10
2017-10-11,3388.28,3381.49,3395.78,3379.16,1.815e+10
2017-10-12,3386.1,3385.53,3390.2,3372.53,1.618e+10
2017-10-13,3390.52,3384.49,3395.75,3383.24,1.4e+10
2017-10-16,3378.47,3393.21,3400.51,3374.77,1.743e+10
2017-10-17,3372.04,3373.23,3382.41,3365.56,1.254e+10
2017-10-18,3381.79,3373.53,3383.23,3371.92,1.572e+10
2017-10-19,3370.17,3374.64,3378.74,3359.63,1.585e+10
2017-10-20,3378.65,3363.51,3379.77,3360.1,1.272e+10
2017-10-23,3380.7,3382.28,3385.29,3374.7,1.308e+10
2017-10-24,3388.25,3376.6,3388.69,3374.12,1.399e+10
2017-10-25,3396.9,3384.86,3398.3,3382.03,1.231e+10
2017-10-26,3407.57,3397.52,3414.24,3391.45,1.838e+10
2017-10-27,3416.81,3404.5,3421.1,3402.11,1.703e+10
2017-10-30,3390.34,3413.87,3419.73,3357.28,2.083e+10
2017-10-31,3393.34,3381,3397.1,3376.12,1.535e+10
2017-11-01,3395.91,3393.97,3410.35,3388.6,1.806e+10
2017-11-02,3383.31,3391.65,3391.65,3372.21,1.669e+10
2017-11-03,3371.74,3377.74,3380.57,3347.36,1.727e+10
2017-11-06,3388.17,3369.68,3389.38,3356.53,1.546e+10
2017-11-07,3413.57,3389.47,3415.15,3387.95,1.906e+10
2017-11-08,3415.46,3409.15,3434.49,3404.88,1.854e+10
2017-11-09,3427.79,3410.67,3428.77,3408.62,1.586e+10
2017-11-10,3432.67,3423.18,3438.79,3414.33,1.893e+10
2017-11-13,3447.84,3435.18,3449.16,3435.08,2.054e+10
2017-11-14,3429.55,3446.55,3450.49,3419.69,1.965e+10
2017-11-15,3402.52,3416.21,3423.75,3396.38,1.688e+10
2017-11-16,3399.25,3393.19,3409.65,3390.59,1.567e+10
2017-11-17,3382.91,3392.68,3403.29,3373.3,2.495e+10
2017-11-20,3392.4,3361.36,3393.11,3337.12,1.765e+10
2017-11-21,3410.5,3382.36,3419.8,3377.6,1.969e+10
2017-11-22,3430.46,3417.33,3442.18,3404.29,2.136e+10
2017-11-23,3351.92,3425.01,3429.42,3342.33,2.153e+10
2017-11-24,3353.82,3340.38,3360.75,3328.33,1.596e+10
2017-11-27,3322.23,3346.66,3347.05,3315.26,1.664e+10
2017-11-28,3333.66,3311.23,3333.8,3300.78,1.382e+10
2017-11-29,3337.86,3335.57,3343.06,3305.57,1.838e+10
2017-11-30,3317.19,3328.64,3340.92,3306.28,1.566e+10
2017-12-01,3317.62,3315.11,3324.52,3302.44,1.392e+10
2017-12-04,3309.62,3310.38,3324,3304.1,1.481e+10
2017-12-05,3303.68,3301.69,3315.74,3300.51,2.083e+10
2017-12-06,3293.96,3291.31,3296.2,3254.61,1.516e+10
2017-12-07,3272.05,3283.28,3291.28,3259.16,1.321e+10
2017-12-08,3289.99,3264.48,3297.13,3258.76,1.332e+10
2017-12-11,3322.2,3290.49,3322.67,3288.29,1.32e+10
2017-12-12,3280.81,3320.31,3320.31,3280.33,1.246e+10
2017-12-13,3303.04,3278.4,3304.01,3273.32,1.12e+10
2017-12-14,3292.44,3302.93,3309.53,3282.57,1.205e+10
2017-12-15,3266.14,3287.53,3287.53,3259.39,1.309e+10
2017-12-18,3267.92,3268.03,3280.54,3254.18,1.207e+10
2017-12-19,3296.54,3266.02,3296.94,3266.02,1.151e+10
2017-12-20,3287.61,3296.74,3300.21,3276.12,1.377e+10
2017-12-21,3300.06,3281.12,3309.22,3267.4,1.421e+10
2017-12-22,3297.06,3297.69,3307.33,3293.44,1.24e+10
2017-12-25,3280.46,3296.21,3312.3,3270.44,1.469e+10
2017-12-26,3306.12,3277.84,3307.3,3274.33,1.424e+10
2017-12-27,3275.78,3302.46,3307.08,3270.35,1.627e+10
2017-12-28,3296.38,3272.29,3304.1,3263.73,1.754e+10
2017-12-29,3307.17,3295.25,3308.22,3292.77,1.416e+10
2018-01-02,3348.33,3314.03,3349.05,3314.03,2.023e+10
2018-01-03,3369.11,3347.74,3379.92,3345.29,2.138e+10
2018-01-04,3385.71,3371,3392.83,3365.3,2.07e+10
2018-01-05,3391.75,3386.46,3402.07,3380.24,2.131e+10
2018-01-08,3409.48,3391.55,3412.73,3384.56,2.362e+10
2018-01-09,3413.9,3406.11,3417.23,3403.59,1.915e+10
2018-01-10,3421.83,3414.11,3430.21,3398.84,2.091e+10
2018-01-11,3425.34,3415.59,3426.48,3405.64,1.738e+10
2018-01-12,3428.94,3423.88,3435.42,3417.98,1.741e+10
2018-01-15,3410.49,3428.95,3442.5,3402.31,2.32e+10
2018-01-16,3436.59,3403.47,3437.58,3401.96,2.115e+10
2018-01-17,3444.67,3438.58,3465.2,3430.51,2.61e+10
2018-01-18,3474.75,3449.88,3476.55,3448.79,2.2e+10
2018-01-19,3487.86,3481.62,3498.43,3474.29,2.475e+10
2018-01-22,3501.36,3476.99,3503.39,3475.67,2.175e+10
2018-01-23,3546.5,3504.34,3547.22,3504.34,2.387e+10
2018-01-24,3559.47,3553.48,3569.49,3527.11,2.53e+10
2018-01-25,3548.31,3555.17,3571.48,3528.03,2.434e+10
2018-01-26,3558.13,3535.49,3574.9,3534.2,2.227e+10
2018-01-29,3523,3563.64,3587.03,3510.27,2.36e+10
2018-01-30,3488.01,3511.5,3523.05,3484.66,1.864e+10
2018-01-31,3480.83,3470.51,3495.45,3454.73,2.073e+10
2018-02-01,3446.98,3478.67,3495.09,3424.42,2.605e+10
2018-02-02,3462.08,3419.22,3463.16,3388.86,2.081e+10
2018-02-05,3487.5,3411.67,3487.72,3406.24,2.177e+10
2018-02-06,3370.65,3418.01,3440.12,3364.22,2.806e+10
2018-02-07,3309.26,3412.74,3425.54,3304.01,2.609e+10
2018-02-08,3262.05,3281.05,3307.16,3225.71,2.013e+10
2018-02-09,3129.85,3172.85,3180.11,3062.74,2.564e+10
2018-02-12,3154.13,3128.37,3168.13,3113.61,1.533e+10
2018-02-13,3184.96,3176.11,3219.22,3176.11,1.515e+10
2018-02-14,3199.16,3188.25,3203.5,3171.38,1.003e+10
2018-02-22,3268.56,3237.57,3269.92,3234.12,1.387e+10
2018-02-23,3289.02,3275.43,3294.13,3258.49,1.458e+10
2018-02-26,3329.57,3307.3,3335.99,3281.61,1.886e+10
2018-02-27,3292.07,3328.67,3328.67,3284.63,1.742e+10
2018-02-28,3259.41,3264.06,3277.83,3239.84,1.51e+10
2018-03-01,3273.75,3235.09,3280.15,3228.58,1.591e+10
2018-03-02,3254.53,3248.45,3269.94,3242.27,1.509e+10
2018-03-05,3256.93,3255.87,3269.4,3236.72,1.448e+10
2018-03-06,3289.64,3266.49,3290.25,3243.65,1.954e+10
2018-03-07,3271.67,3288.86,3308.41,3264.76,1.687e+10
2018-03-08,3288.41,3268.35,3289.5,3261.55,1.498e+10
2018-03-09,3307.17,3291.43,3309.72,3283.56,1.684e+10
2018-03-12,3326.7,3319.21,3333.56,3313.56,2.065e+10
2018-03-13,3310.24,3324.12,3333.88,3307.38,1.771e+10
2018-03-14,3291.38,3298.67,3304.98,3287.36,1.575e+10
2018-03-15,3291.11,3277.51,3297.1,3273.2,1.486e+10
2018-03-16,3269.88,3290.21,3300.57,3269.28,1.412e+10
2018-03-19,3279.25,3264.93,3280.57,3251.05,1.38e+10
2018-03-20,3290.64,3257.22,3292.57,3252.43,1.399e+10
2018-03-21,3280.95,3299.73,3314.21,3268.88,1.684e+10
2018-03-22,3263.48,3281.26,3288.8,3242.76,1.504e+10
2018-03-23,3152.76,3172.77,3188.24,3110.66,2.755e+10
2018-03-26,3133.72,3117.32,3134.28,3091.46,1.864e+10
2018-03-27,3166.65,3164.8,3172.78,3143.57,1.891e+10
2018-03-28,3122.29,3130.57,3165.21,3117.53,1.635e+10
2018-03-29,3160.53,3127.26,3174.51,3098.25,1.703e+10
2018-03-30,3168.9,3161.79,3177.72,3152.89,1.546e+10
2018-04-02,3163.18,3169.78,3192.34,3159.99,1.777e+10
2018-04-03,3136.63,3130.01,3144.33,3119.13,1.522e+10
2018-04-04,3131.11,3147.05,3163.34,3128.87,1.47e+10
2018-04-09,3138.29,3125.44,3146.09,3110.3,1.396e+10
2018-04-10,3190.32,3144.26,3190.65,3139.08,1.682e+10
2018-04-11,3208.08,3197.37,3220.85,3191.59,1.759e+10
2018-04-12,3180.16,3203.28,3205.25,3177.05,1.482e+10
2018-04-13,3159.05,3192.04,3197.9,3155.51,1.276e+10
2018-04-16,3110.65,3152.89,3153.11,3096.1,1.544e+10
2018-04-17,3066.8,3112.97,3118.76,3064.03,1.472e+10
2018-04-18,3091.4,3091.91,3096.89,3041.62,1.593e+10
2018-04-19,3117.38,3094.27,3127.44,3090.29,1.601e+10
2018-04-20,3071.54,3105.46,3111.17,3065.92,1.551e+10
2018-04-23,3068.01,3063.44,3085.06,3045.94,1.317e+10
2018-04-24,3128.93,3069.75,3136.04,3069.75,1.623e+10
2018-04-25,3117.97,3112.4,3122.91,3107,1.273e+10
2018-04-26,3075.03,3119.5,3121.93,3067.93,1.34e+10
2018-04-27,3082.23,3082.41,3088.03,3049.91,1.312e+10
2018-05-02,3081.18,3087.41,3097.6,3064.76,1.342e+10
2018-05-03,3100.86,3074.52,3105.66,3056.16,1.4e+10
2018-05-04,3091.03,3093.12,3104.09,3086.78,1.187e+10
2018-05-07,3136.64,3094.9,3136.84,3091.66,1.389e+10
2018-05-08,3161.5,3135.3,3169.7,3134.06,1.469e+10
2018-05-09,3159.15,3160.14,3165.37,3145.66,1.226e+10
2018-05-10,3174.41,3169.05,3176.14,3155.53,1.33e+10
2018-05-11,3163.26,3179.8,3180.76,3162.21,1.307e+10
2018-05-14,3174.03,3167.04,3183.82,3163.48,1.293e+10
2018-05-15,3192.12,3180.42,3192.81,3164.52,1.245e+10
2018-05-16,3169.57,3180.23,3191.95,3166.81,1.305e+10
2018-05-17,3154.28,3170.01,3172.77,3148.62,1.14e+10
2018-05-18,3193.3,3151.08,3193.45,3144.78,1.365e+10
2018-05-21,3213.84,3206.18,3219.74,3203.34,1.645e+10
2018-05-22,3214.35,3211.25,3214.59,3192.23,1.443e+10
2018-05-23,3168.96,3205.44,3205.44,3168.96,1.578e+10
2018-05-24,3154.65,3167.94,3173.53,3152.07,1.241e+10
2018-05-25,3141.3,3148.41,3156.73,3131.07,1.286e+10
2018-05-28,3135.08,3136.81,3149.66,3115.96,1.288e+10
2018-05-29,3120.46,3129.62,3143.21,3112.15,1.357e+10
2018-05-30,3041.44,3081.14,3085.4,3041,1.551e+10
2018-05-31,3095.47,3061.83,3098.08,3054.27,1.405e+10
2018-06-01,3075.14,3084.75,3102.09,3059.79,1.299e+10
2018-06-04,3091.19,3083.43,3098.4,3076.99,1.146e+10
2018-06-05,3114.21,3088.01,3114.77,3080.05,1.187e+10
2018-06-06,3115.18,3109.17,3117.53,3103.53,1.202e+10
2018-06-07,3109.5,3121.18,3128.72,3105.58,1.278e+10
2018-06-08,3067.15,3100.6,3100.68,3053.29,1.347e+10
2018-06-11,3052.78,3057.34,3063.61,3037.91,1.086e+10
2018-06-12,3079.8,3053.03,3081.45,3034.1,1.133e+10
2018-06-13,3049.8,3071.46,3071.46,3044.12,1.196e+10
2018-06-14,3044.16,3038.07,3066.05,3032.41,1.155e+10
2018-06-15,3021.9,3037.45,3048.8,3008.73,1.445e+10
2018-06-19,2907.82,2982.65,2984.97,2871.35,2.305e+10
2018-06-20,2915.73,2889.98,2925.56,2872.16,1.443e+10
2018-06-21,2875.81,2912,2940.59,2872.62,1.544e+10
2018-06-22,2889.76,2855.58,2891.97,2837.14,1.261e+10
2018-06-25,2859.34,2903.45,2908.62,2857.87,1.219e+10
2018-06-26,2844.51,2829.99,2850.24,2803.79,1.259e+10
2018-06-27,2813.18,2842.4,2854.26,2798.8,1.294e+10
2018-06-28,2786.9,2799.9,2825.99,2782.45,1.184e+10
2018-06-29,2847.42,2789.81,2848.37,2782.38,1.257e+10
2018-07-02,2775.56,2841.58,2845.68,2756.82,1.37e+10
2018-07-03,2786.89,2774.57,2786.89,2722.45,1.425e+10
2018-07-04,2759.13,2776.63,2793.18,2754.16,1.233e+10
2018-07-05,2733.88,2755.34,2777.52,2727.94,1.292e+10
2018-07-06,2747.23,2731.35,2768.87,2691.02,1.363e+10
2018-07-09,2815.11,2752.45,2815.79,2752.45,1.215e+10
2018-07-10,2827.63,2819.71,2828.49,2800.63,1.171e+10
2018-07-11,2777.77,2780.7,2794.36,2752.43,1.268e+10
2018-07-12,2837.66,2771.04,2844.19,2771.04,1.47e+10
2018-07-13,2831.18,2831.43,2835.46,2818.85,1.177e+10
2018-07-16,2814.04,2827.08,2837.51,2804.49,1.078e+10
2018-07-17,2798.13,2806.89,2806.92,2774.76,1.054e+10
2018-07-18,2787.26,2801.78,2818.4,2786.04,1.21e+10
2018-07-19,2772.55,2791.02,2805.01,2764.49,1.145e+10
2018-07-20,2829.27,2769.75,2837.86,2753.84,1.459e+10
2018-07-23,2859.54,2815.2,2863.57,2809.62,1.734e+10
2018-07-24,2905.56,2862.27,2911.46,2862.27,2.296e+10
2018-07-25,2903.65,2911.45,2912.31,2894.04,1.678e+10
2018-07-26,2882.23,2905.79,2915.3,2875.7,1.684e+10
2018-07-27,2873.59,2879.69,2889.69,2864.11,1.464e+10
2018-07-30,2869.05,2871.94,2896.01,2850.3,1.517e+10
2018-07-31,2876.4,2866.9,2884.68,2854.32,1.189e+10
2018-08-01,2824.53,2882.51,2897.4,2823.93,1.495e+10
2018-08-02,2768.02,2815.34,2815.34,2726.48,1.742e+10
2018-08-03,2740.44,2763.4,2777.66,2740.43,1.27e+10
2018-08-06,2705.16,2736.53,2760.47,2692.32,1.298e+10
2018-08-07,2779.37,2711.74,2779.37,2696.04,1.496e+10
2018-08-08,2744.07,2771.13,2779.91,2741.07,1.477e+10
2018-08-09,2794.38,2729.58,2801.66,2726.22,1.517e+10
2018-08-10,2795.31,2791.4,2806.11,2777.51,1.215e+10
2018-08-13,2785.87,2769.02,2789.8,2742.56,1.275e+10
2018-08-14,2780.96,2780.74,2789.44,2766.57,1.096e+10
2018-08-15,2723.26,2777.25,2777.7,2721.24,1.162e+10
2018-08-16,2705.19,2691.43,2732.95,2672.74,1.203e+10
2018-08-17,2668.97,2723.89,2730.33,2665.59,1.124e+10
2018-08-20,2698.47,2673.07,2698.47,2653.11,1.108e+10
2018-08-21,2733.83,2700.34,2739.17,2696.29,1.136e+10
2018-08-22,2714.61,2731.96,2731.96,2709.06,9.37e+09
2018-08-23,2724.62,2714.87,2736.01,2700.8,9.84e+09
2018-08-24,2729.43,2717.08,2748.82,2705.32,1.005e+10
2018-08-27,2780.9,2736.32,2780.9,2736.32,1.328e+10
2018-08-28,2777.98,2782.29,2791.39,2769.4,1.187e+10
2018-08-29,2769.29,2774.86,2778.54,2762.35,1.002e+10
2018-08-30,2737.74,2769.33,2780.53,2736.35,1.061e+10
2018-08-31,2725.25,2730.11,2744.63,2710.54,1.098e+10
2018-09-03,2720.73,2716.4,2722.85,2692.36,1.022e+10
2018-09-04,2750.58,2720.65,2756.61,2712.38,1.09e+10
2018-09-05,2704.34,2741.38,2745.47,2704.34,1.05e+10
2018-09-06,2691.59,2697.58,2719.41,2683.74,9.9e+09
2018-09-07,2702.3,2696.68,2728.55,2683.72,1.075e+10
2018-09-10,2669.48,2698.01,2703.43,2667.32,1.036e+10
2018-09-11,2664.8,2668.49,2680.57,2652.7,9.99e+09
2018-09-12,2656.11,2659.74,2672.07,2647.17,9e+09
2018-09-13,2686.58,2679.21,2689.06,2653.19,1.073e+10
2018-09-14,2681.64,2688.78,2694.92,2675.29,1e+10
2018-09-17,2651.79,2671.29,2671.29,2647.92,8.82e+09
2018-09-18,2699.95,2644.3,2700.19,2644.3,1.158e+10
2018-09-19,2730.85,2694.8,2746.08,2690.99,1.415e+10
2018-09-20,2729.24,2732.17,2743.96,2724.08,1.114e+10
2018-09-21,2797.48,2733.87,2797.49,2722.03,1.58e+10
2018-09-25,2781.14,2775.07,2790.03,2771.16,1.12e+10
2018-09-26,2806.81,2785.32,2827.34,2783.34,1.396e+10
2018-09-27,2791.77,2805.79,2810.51,2786.32,1.24e+10
2018-09-28,2821.35,2794.26,2821.76,2791.84,1.343e+10
2018-10-08,2716.51,2768.21,2771.94,2710.18,1.495e+10
2018-10-09,2721.01,2713.73,2734.31,2711.2,1.168e+10
2018-10-10,2725.84,2723.72,2743.55,2703.06,1.135e+10
2018-10-11,2583.46,2643.07,2661.29,2560.32,1.972e+10
2018-10-12,2606.91,2574.04,2615.92,2536.67,1.701e+10
2018-10-15,2568.1,2605.91,2611.97,2564.74,1.186e+10
2018-10-16,2546.33,2567.76,2597.72,2536.44,1.194e+10
2018-10-17,2561.61,2574.31,2582.55,2517.57,1.3e+10
2018-10-18,2486.42,2544.91,2544.91,2485.62,1.254e+10
2018-10-19,2550.47,2460.08,2553.39,2449.2,1.473e+10
2018-10-22,2654.88,2565.64,2675.41,2565.64,2.119e+10
2018-10-23,2594.83,2652.65,2659.81,2583.26,1.783e+10
2018-10-24,2603.3,2579.97,2640.4,2577.77,1.601e+10
2018-10-25,2603.8,2540.93,2606.1,2531.53,1.62e+10
2018-10-26,2598.85,2610.9,2626.12,2580.85,1.589e+10
2018-10-29,2542.1,2593.59,2595.54,2529.19,1.342e+10
2018-10-30,2568.05,2538.57,2586.92,2521.78,1.667e+10
2018-10-31,2602.78,2573.01,2612.92,2567.03,1.806e+10
2018-11-01,2606.24,2617.03,2636.8,2603.65,2.009e+10
2018-11-02,2676.48,2649.25,2676.48,2628.87,2.25e+10
2018-11-05,2665.43,2665.43,2673.19,2639.27,1.938e+10
2018-11-06,2659.36,2660.72,2660.86,2635.32,1.637e+10
2018-11-07,2641.34,2659.84,2675.68,2639.25,1.732e+10
2018-11-08,2635.63,2660.09,2662.37,2632.3,1.596e+10
2018-11-09,2598.87,2621.24,2621.24,2598.16,1.524e+10
2018-11-12,2630.52,2593.2,2631.17,2590.21,1.75e+10
2018-11-13,2654.88,2600.5,2666.49,2597.35,2.493e+10
2018-11-14,2632.24,2648.31,2658.31,2627.96,2.384e+10
2018-11-15,2668.17,2632.14,2668.17,2631.89,2.078e+10
2018-11-16,2679.11,2669.78,2695.57,2657.03,2.422e+10
2018-11-19,2703.51,2681.9,2703.51,2674.18,2.317e+10
2018-11-20,2645.85,2684.29,2690.83,2643.36,2.159e+10
2018-11-21,2651.51,2619.82,2653.8,2617.78,1.826e+10
2018-11-22,2645.43,2655.9,2658,2634.48,1.493e+10
2018-11-23,2579.48,2640.67,2642.04,2577.35,1.915e+10
2018-11-26,2575.81,2580.84,2595,2568.04,1.343e+10
2018-11-27,2574.68,2585.83,2592.54,2566.17,1.237e+10
2018-11-28,2601.74,2575.45,2601.96,2561.56,1.46e+10
2018-11-29,2567.44,2613.78,2617.55,2567.44,1.572e+10
2018-11-30,2588.19,2564.56,2590.21,2555.32,1.393e+10
2018-12-03,2654.8,2647.13,2665.3,2629.18,2.075e+10
2018-12-04,2665.96,2651.56,2666.08,2644.9,1.679e+10
2018-12-05,2649.81,2629.83,2660.39,2625.91,1.545e+10
2018-12-06,2605.18,2629.82,2633.68,2603.13,1.417e+10
2018-12-07,2605.89,2609.34,2614.58,2599.28,1.091e+10
2018-12-10,2584.58,2589.19,2599.76,2576.24,1.132e+10
2018-12-11,2594.09,2587.01,2596.15,2583.2,1.013e+10
2018-12-12,2602.15,2608.11,2610.01,2595.07,1.035e+10
2018-12-13,2634.05,2607.14,2645.84,2599.46,1.507e+10
2018-12-14,2593.74,2627.28,2629.16,2593.74,1.459e+10
2018-12-17,2597.97,2587.26,2598.97,2573.87,1.174e+10
2018-12-18,2576.65,2583.63,2599.15,2563.57,1.17e+10
2018-12-19,2549.56,2578.68,2579.87,2547.08,1.077e+10
2018-12-20,2536.27,2544.51,2554.86,2516.02,1.206e+10
2018-12-21,2516.25,2526.55,2527.42,2498.69,1.157e+10
2018-12-24,2527.01,2506.74,2529.44,2500.44,9.73e+09
2018-12-25,2504.82,2503.95,2513.96,2462.84,1.407e+10
2018-12-26,2498.29,2501.12,2513.83,2492.08,1.088e+10
2018-12-27,2483.09,2527.72,2532,2483.09,1.354e+10
2018-12-28,2493.9,2483.62,2505.11,2478.32,1.192e+10
2019-01-02,2465.29,2497.88,2500.28,2456.42,1.099e+10
2019-01-03,2464.36,2461.78,2488.48,2455.93,1.244e+10
2019-01-04,2514.87,2446.02,2515.32,2440.91,1.689e+10
2019-01-07,2533.09,2528.7,2536.98,2515.51,1.773e+10
2019-01-08,2526.46,2530.3,2531.34,2520.16,1.581e+10
2019-01-09,2544.34,2536.42,2574.41,2536.16,1.919e+10
2019-01-10,2535.1,2543.85,2551.83,2531.66,1.599e+10
2019-01-11,2553.83,2539.55,2554.79,2533.36,1.494e+10
2019-01-14,2535.77,2553.33,2556.29,2533.01,1.448e+10
2019-01-15,2570.34,2537.37,2571.5,2532.43,1.603e+10
2019-01-16,2570.42,2569.07,2574.24,2563.01,1.493e+10
2019-01-17,2559.64,2573.58,2582.56,2557.71,1.625e+10
2019-01-18,2596.01,2567.74,2598.88,2565.9,1.908e+10
2019-01-21,2610.51,2599.06,2618.98,2599.06,1.634e+10
2019-01-22,2579.7,2609.64,2609.64,2573.06,1.525e+10
2019-01-23,2581,2575.26,2589.51,2572.41,1.314e+10
2019-01-24,2591.69,2584.65,2597.29,2569.7,1.54e+10
2019-01-25,2601.72,2596.26,2617,2595.63,1.594e+10
2019-01-28,2596.98,2615.71,2630.32,2591.1,1.47e+10
2019-01-29,2594.25,2592.35,2601.74,2559.98,1.556e+10
2019-01-30,2575.58,2584.75,2598.82,2575.41,1.205e+10
2019-01-31,2584.57,2581.33,2606.63,2571.58,1.543e+10
2019-02-01,2618.23,2597.78,2618.48,2590.55,1.32e+10
2019-02-11,2653.9,2613.17,2654.1,2613.17,1.549e+10
2019-02-12,2671.89,2654.03,2674.48,2648.83,1.841e+10
2019-02-13,2721.07,2674.52,2727.07,2666.52,2.438e+10
2019-02-14,2719.7,2715.54,2729.45,2707.49,1.97e+10
2019-02-15,2682.39,2712.79,2715.63,2679.78,1.96e+10
2019-02-18,2754.36,2699.82,2754.36,2699.82,2.604e+10
2019-02-19,2755.65,2759.5,2780.78,2737.59,2.88e+10
2019-02-20,2761.22,2761.06,2767.41,2739.98,2.46e+10
2019-02-21,2751.8,2759.94,2794.01,2744.98,2.987e+10
2019-02-22,2804.23,2749.46,2804.23,2736.33,3.015e+10
2019-02-25,2961.28,2838.39,2961.8,2838.39,5.287e+10
2019-02-26,2941.52,2969.1,2995.68,2938.62,5.656e+10
2019-02-27,2953.82,2939.93,2997.49,2924.64,4.75e+10
2019-02-28,2940.95,2950.05,2965.3,2930.2,3.502e+10
2019-03-01,2994.01,2954.4,2994.01,2930.83,3.458e+10
2019-03-04,3027.58,3015.94,3090.8,3006.94,5.256e+10
2019-03-05,3054.25,3019.88,3054.96,3009.45,4.241e+10
2019-03-06,3102.1,3060.43,3103.83,3050.11,5.55e+10
2019-03-07,3106.42,3103.67,3129.94,3074.98,5.838e+10
2019-03-08,2969.86,3038.34,3075.05,2969.58,5.779e+10
2019-03-11,3026.99,2969.08,3028.25,2963.58,4.262e+10
2019-03-12,3060.31,3049.08,3093.39,3029.9,5.112e+10
2019-03-13,3026.95,3062.33,3065.29,3013.93,4.532e+10
2019-03-14,2990.68,3013.6,3041.16,2968.82,3.731e+10
2019-03-15,3021.75,3000.88,3048.12,2999.43,3.412e+10
2019-03-18,3096.42,3027.8,3096.42,3009.51,3.978e+10
2019-03-19,3090.97,3099.9,3113.43,3076.36,3.509e+10
2019-03-20,3090.64,3084.17,3102.52,3053.45,3.586e+10
2019-03-21,3101.45,3094.12,3125.02,3086.85,4.143e+10
2019-03-22,3104.15,3100.73,3107.28,3064.88,3.648e+10
2019-03-25,3043.03,3058.8,3087,3041.95,3.803e+10
2019-03-26,2997.1,3057.56,3062.69,2988.49,3.535e+10
2019-03-27,3022.72,3012.26,3022.76,2987.77,2.914e+10
2019-03-28,2994.94,3009.8,3025.78,2991.78,2.881e+10
2019-03-29,3090.76,3000.68,3093.03,2999.99,3.751e+10
2019-04-01,3170.36,3111.66,3176.62,3111.66,4.661e+10
2019-04-02,3176.82,3183.27,3193.27,3164.91,4.471e+10
2019-04-03,3216.3,3159.15,3219.26,3152.33,4.305e+10
2019-04-04,3246.57,3233.69,3254.14,3216.85,4.691e+10
2019-04-08,3244.81,3271.27,3288.45,3210.52,5.045e+10
2019-04-09,3239.66,3240.39,3251.65,3215.7,3.642e+10
2019-04-10,3241.93,3224.65,3264.78,3204.88,3.801e+10
2019-04-11,3189.96,3241.55,3254.13,3185.55,3.53e+10
2019-04-12,3188.63,3184.86,3199.28,3168.04,2.898e+10
2019-04-15,3177.79,3233.46,3253.98,3177.27,3.488e+10
2019-04-16,3253.6,3164.4,3253.6,3153.21,3.579e+10
2019-04-17,3263.12,3250.15,3275.33,3239.8,3.575e+10
2019-04-18,3250.2,3261.07,3271.39,3241.83,3.255e+10
2019-04-19,3270.8,3250.15,3274.33,3226.81,3.152e+10
2019-04-22,3215.04,3278.49,3279.49,3206.88,3.532e+10
2019-04-23,3198.59,3211.87,3231.58,3186.76,3.284e+10
2019-04-24,3201.61,3203.56,3210.65,3156.61,2.749e+10
2019-04-25,3123.83,3190.59,3193.75,3123.03,3.259e+10
2019-04-26,3086.4,3108.16,3129.21,3085.8,2.809e+10
2019-04-29,3062.5,3090.63,3107.76,3050.03,2.921e+10
2019-04-30,3078.34,3052.62,3088.41,3052.62,2.223e+10
2019-05-06,2906.46,2984.73,2986.54,2876.47,3.27e+10
2019-05-07,2926.39,2914.29,2937.28,2889.07,2.533e+10
2019-05-08,2893.76,2873.14,2929.43,2866.7,2.315e+10
2019-05-09,2850.95,2871.2,2888.86,2845.04,2e+10
2019-05-10,2939.21,2878.23,2941.45,2838.38,2.823e+10
2019-05-13,2903.71,2905.07,2921.41,2892.17,2.12e+10
2019-05-14,2883.61,2872.83,2909.2,2872.83,2.083e+10
2019-05-15,2938.68,2902.64,2945.39,2902.64,2.305e+10
2019-05-16,2955.71,2933.5,2956.17,2929.06,2.484e+10
2019-05-17,2882.3,2955.77,2956.78,2873.8,2.663e+10
2019-05-20,2870.6,2874.8,2882.63,2838.45,2.095e+10
2019-05-21,2905.97,2867.71,2919.24,2862.5,2.114e+10
2019-05-22,2891.7,2905.52,2912.4,2879.64,2e+10
2019-05-23,2852.52,2880.84,2885.14,2846.96,1.973e+10
2019-05-24,2852.99,2847.84,2871.86,2846.02,1.672e+10
2019-05-27,2892.38,2851.28,2898.13,2833.04,1.967e+10
2019-05-28,2909.91,2890.27,2924.04,2887.08,2.233e+10
2019-05-29,2914.7,2894.83,2934.98,2890.66,1.99e+10
2019-05-30,2905.81,2903.42,2907.85,2881.38,2.058e+10
2019-05-31,2898.7,2904.5,2922.91,2895.58,1.952e+10
2019-06-03,2890.08,2901.74,2920.83,2875.9,2.159e+10
2019-06-04,2862.28,2887.64,2888.39,2851.97,1.885e+10
2019-06-05,2861.42,2882.94,2888.77,2858.57,1.816e+10
2019-06-06,2827.8,2862.33,2862.33,2822.19,1.771e+10
2019-06-10,2852.13,2833.01,2861.13,2824.36,1.666e+10
2019-06-11,2925.72,2854.07,2927.43,2854.07,2.605e+10
2019-06-12,2909.38,2917.22,2924.7,2903.88,2.403e+10
2019-06-13,2910.74,2905.29,2918.42,2885.92,2.13e+10
2019-06-14,2881.97,2913,2924.32,2879.66,2.154e+10
2019-06-17,2887.62,2880.42,2902.48,2877.39,1.54e+10
2019-06-18,2890.16,2891.09,2898.33,2874.31,1.477e+10
2019-06-19,2917.8,2944.12,2953.34,2916.21,2.308e+10
2019-06-20,2987.12,2917.33,2997.39,2915.09,2.91e+10
2019-06-21,3001.98,2990.37,3010.35,2989.25,2.87e+10
2019-06-24,3008.15,3004.29,3012.83,2994.42,2.105e+10
2019-06-25,2982.07,3004.91,3004.91,2948.99,2.437e+10
2019-06-26,2976.28,2964.62,2986.91,2958.46,1.744e+10
2019-06-27,2996.79,2982.61,3011.54,2981.05,1.954e+10
2019-06-28,2978.88,2992.24,2992.24,2961.22,1.814e+10
2019-07-01,3044.9,3024.62,3045.37,3014.69,2.508e+10
2019-07-02,3043.94,3042.58,3048.48,3033.78,2.145e+10
2019-07-03,3015.26,3031.83,3031.83,3006.32,2.123e+10
2019-07-04,3005.25,3015.68,3024.5,2991.91,1.944e+10
2019-07-05,3011.06,3004.74,3014.85,2990.92,1.568e+10
2019-07-08,2933.36,2997.81,2997.81,2918.72,2.115e+10
2019-07-09,2928.23,2928.82,2937.76,2912.81,1.451e+10
2019-07-10,2915.3,2935.19,2936.75,2908.16,1.355e+10
2019-07-11,2917.76,2928.06,2945.8,2907.89,1.437e+10
2019-07-12,2930.55,2915.34,2938.53,2905.81,1.378e+10
2019-07-15,2942.19,2921.55,2955,2886.7,1.676e+10
2019-07-16,2937.62,2938.64,2944.82,2931.29,1.318e+10
2019-07-17,2931.69,2933.02,2942.07,2924.46,1.496e+10
2019-07-18,2901.18,2921.74,2921.74,2901.18,1.499e+10
2019-07-19,2924.2,2909.68,2939.6,2909.68,1.495e+10
2019-07-22,2886.97,2925.79,2927.16,2879.69,1.807e+10
2019-07-23,2899.94,2886.9,2901.36,2883.05,1.293e+10
2019-07-24,2923.28,2907.93,2936.45,2907.79,1.552e+10
2019-07-25,2937.36,2923.19,2937.36,2916.15,1.457e+10
2019-07-26,2944.54,2928.06,2948.33,2924.45,1.393e+10
2019-07-29,2941.01,2943.92,2948.47,2932.98,1.28e+10
2019-07-30,2952.34,2946.26,2965.63,2946.26,1.483e+10
2019-07-31,2932.51,2944.4,2944.4,2926.49,1.411e+10
2019-08-01,2908.77,2920.85,2927.34,2901.75,1.424e+10
2019-08-02,2867.84,2861.33,2872.47,2851.44,1.849e+10
2019-08-05,2821.5,2854.58,2863.69,2821.5,1.674e+10
2019-08-06,2777.56,2776.99,2787.42,2733.92,2.311e+10
2019-08-07,2768.68,2789.02,2792.69,2768.68,1.577e+10
2019-08-08,2794.55,2784.18,2799.69,2782.24,1.495e+10
2019-08-09,2774.75,2805.59,2808.33,2770.48,1.482e+10
2019-08-12,2814.99,2781.98,2814.99,2776.62,1.316e+10
2019-08-13,2797.26,2798.05,2802.04,2790.61,1.309e+10
2019-08-14,2808.91,2824.49,2829.89,2807.72,1.44e+10
2019-08-15,2815.8,2762.34,2815.9,2756.83,1.528e+10
2019-08-16,2823.82,2817.57,2840.32,2811.8,1.486e+10
2019-08-19,2883.1,2835.52,2883.1,2829.85,2.145e+10
2019-08-20,2880,2879.08,2892.08,2875,1.897e+10
2019-08-21,2880.33,2875.47,2885.59,2872.56,1.59e+10
2019-08-22,2883.44,2887.66,2888.5,2867.55,1.492e+10
2019-08-23,2897.43,2885.15,2902.46,2878.74,1.592e+10
2019-08-26,2863.57,2851.02,2870.49,2849.24,1.699e+10
2019-08-27,2902.19,2879.52,2919.64,2879.41,2.081e+10
2019-08-28,2893.76,2901.63,2905.44,2887.01,1.831e+10
2019-08-29,2890.92,2896,2898.6,2878.59,1.786e+10
2019-08-30,2886.24,2907.38,2914.58,2874.1,1.94e+10
2019-09-02,2924.11,2886.94,2928.48,2883.68,2.028e+10
2019-09-03,2930.15,2925.94,2930.15,2915.2,1.89e+10
2019-09-04,2957.41,2927.75,2957.41,2925.88,2.255e+10
2019-09-05,2985.86,2972.66,3015.84,2972.66,3.054e+10
2019-09-06,2999.6,2996.62,2999.94,2981.6,2.168e+10
2019-09-09,3024.74,3023.78,3026.24,3005.69,2.434e+10
2019-09-10,3021.2,3027.41,3027.41,3005.38,2.4e+10
2019-09-11,3008.81,3029.93,3030.56,3004.22,2.298e+10
2019-09-12,3031.24,3016.63,3033.47,3005.19,1.97e+10
2019-09-16,3030.75,3041.92,3042.93,3020.05,2.219e+10
2019-09-17,2978.12,3023.71,3023.71,2970.57,2.233e+10
2019-09-18,2985.66,2984.08,2996.4,2982.4,1.68e+10
2019-09-19,2999.28,2992.92,2999.28,2975.4,1.627e+10
2019-09-20,3006.45,3004.81,3011.34,2996.19,1.821e+10
2019-09-23,2977.08,2998.4,2998.4,2960.83,1.681e+10
2019-09-24,2985.34,2979.48,3002.9,2973.76,1.639e+10
2019-09-25,2955.43,2977.67,2977.67,2955.43,1.685e+10
2019-09-26,2929.09,2964.48,2970.04,2928.26,1.889e+10
2019-09-27,2932.17,2929.49,2939.08,2920.93,1.329e+10
2019-09-30,2905.19,2927.92,2936.48,2905.19,1.166e+10
2019-10-08,2913.57,2905.76,2933.02,2905.76,1.255e+10
2019-10-09,2924.86,2902.08,2924.86,2891.54,1.304e+10
2019-10-10,2947.71,2923.71,2949.24,2918.23,1.342e+10
2019-10-11,2973.66,2954.82,2980.79,2943.01,1.612e+10
2019-10-14,3007.88,2993.96,3026.38,2989.81,2.086e+10
2019-10-15,2991.05,3005.66,3005.66,2986.3,1.554e+10
2019-10-16,2978.71,2992.61,3010.42,2975.92,1.499e+10
2019-10-17,2977.33,2979.99,2986.72,2969.57,1.225e+10
2019-10-18,2938.14,2982.34,2987.2,2933.24,1.5e+10
2019-10-21,2939.62,2933.9,2940.32,2917.69,1.325e+10
2019-10-22,2954.38,2945.6,2954.64,2934.39,1.175e+10
2019-10-23,2941.62,2952.97,2957.3,2934.63,1.238e+10
2019-10-24,2940.92,2944.01,2953.04,2927.06,1.265e+10
2019-10-25,2954.93,2940.47,2958.24,2920.52,1.369e+10
2019-10-28,2980.05,2958.69,2980.13,2956.96,1.737e+10
2019-10-29,2954.18,2979.04,2979.04,2954.18,1.661e+10
2019-10-30,2939.32,2949.46,2953.3,2934.83,1.588e+10
2019-10-31,2929.06,2944.84,2946.75,2923.52,1.616e+10
2019-11-01,2958.2,2924.34,2959.83,2917.15,1.599e+10
2019-11-04,2975.49,2964.58,2983.06,2964.58,1.672e+10
2019-11-05,2991.56,2977.7,3008.31,2968.03,1.799e+10
2019-11-06,2978.6,2992.04,2995.56,2969.72,1.653e+10
2019-11-07,2978.71,2978.15,2988.95,2969.12,1.37e+10
2019-11-08,2964.18,2993.98,2998.76,2962.84,1.497e+10
2019-11-11,2909.97,2949.96,2949.96,2906.77,1.579e+10
2019-11-12,2914.82,2913,2918.3,2891.51,1.297e+10
2019-11-13,2905.24,2913.02,2913.86,2893.97,1.298e+10
2019-11-14,2909.87,2907.74,2917.37,2899.62,1.291e+10
2019-11-15,2891.34,2911.35,2917.83,2891.2,1.355e+10
2019-11-18,2909.2,2889.55,2911.38,2884.09,1.244e+10
2019-11-19,2933.99,2904.28,2933.99,2902.86,1.354e+10
2019-11-20,2911.05,2928.11,2930.49,2907.42,1.374e+10
2019-11-21,2903.64,2902.55,2910.36,2891.53,1.235e+10
2019-11-22,2885.29,2906.24,2925.02,2873.99,1.586e+10
2019-11-25,2906.17,2885.61,2906.61,2880.65,1.786e+10
2019-11-26,2907.06,2912.52,2915.04,2897.93,1.7e+10
2019-11-27,2903.19,2905.4,2914.49,2893.42,1.339e+10
2019-11-28,2889.69,2902.36,2909.84,2883.43,1.195e+10
2019-11-29,2871.98,2885.97,2892.39,2858.58,1.226e+10
2019-12-02,2875.81,2874.45,2888.89,2870.24,1.288e+10
2019-12-03,2884.7,2869.88,2884.86,2857.32,1.238e+10
2019-12-04,2878.12,2876.91,2882.5,2869.42,1.255e+10
2019-12-05,2899.47,2886.52,2902,2885.08,1.432e+10
2019-12-06,2912.01,2902.28,2912.01,2894.75,1.341e+10
2019-12-09,2914.48,2914.46,2919.59,2905.25,1.608e+10
2019-12-10,2917.32,2908.94,2919.2,2902.79,1.701e+10
2019-12-11,2924.42,2922.6,2928.26,2915,1.655e+10
2019-12-12,2915.7,2926.34,2926.34,2913.48,1.518e+10
2019-12-13,2967.68,2937.78,2969.98,2935.85,2.12e+10
2019-12-16,2984.39,2970.97,2984.64,2958.71,2.119e+10
2019-12-17,3022.42,2985.26,3039.38,2982.5,2.93e+10
2019-12-18,3017.04,3021.47,3033.23,3011.72,2.441e+10
2019-12-19,3017.07,3017.15,3021.42,3007.99,2.086e+10
2019-12-20,3004.94,3019.64,3027.48,3002.26,2.151e+10
2019-12-23,2962.75,2999.04,3009.34,2960.43,2.057e+10
2019-12-24,2982.68,2965.83,2983.82,2960.68,1.63e+10
2019-12-25,2981.88,2980.43,2988.29,2970.66,1.757e+10
2019-12-26,3007.35,2981.25,3007.35,2980.4,1.824e+10
2019-12-27,3005.04,3006.85,3036.11,3003.63,2.471e+10
2019-12-30,3040.02,2998.17,3041.4,2983.34,2.481e+10
2019-12-31,3050.12,3036.39,3051.68,3030.51,2.174e+10
2020-01-02,3085.2,3066.34,3098.1,3066.34,2.925e+10
2020-01-03,3083.79,3089.02,3093.82,3074.52,2.615e+10
2020-01-06,3083.41,3070.91,3107.2,3065.31,3.126e+10
2020-01-07,3104.8,3085.49,3105.45,3084.33,2.766e+10
2020-01-08,3066.89,3094.24,3094.24,3059.13,2.979e+10
2020-01-09,3094.88,3082.64,3097.33,3080.13,2.434e+10
2020-01-10,3092.29,3102.29,3105.22,3081.4,2.104e+10
2020-01-13,3115.57,3091.49,3115.57,3075.38,2.106e+10
2020-01-14,3106.82,3120.67,3127.17,3105.6,2.3e+10
2020-01-15,3090.04,3103.17,3107.94,3082.04,2.023e+10
2020-01-16,3074.08,3095.73,3096.37,3070.88,2.034e+10
2020-01-17,3075.5,3081.46,3091.95,3067.25,1.903e+10
2020-01-20,3095.79,3082.11,3096.31,3070.48,2.105e+10
2020-01-21,3052.14,3085.79,3085.79,3051.23,2.348e+10
2020-01-22,3060.75,3038.49,3069.25,3006.27,2.239e+10
2020-01-23,2976.53,3037.95,3045.04,2955.35,2.728e+10
2020-02-03,2746.61,2716.7,2766.58,2716.7,2.159e+10
2020-02-04,2783.29,2685.27,2786.16,2685.27,3.64e+10
2020-02-05,2818.09,2792.37,2842.74,2778.86,3.098e+10
2020-02-06,2866.51,2826.89,2876.59,2807.61,3.164e+10
2020-02-07,2875.96,2858.93,2875.96,2838.77,3.095e+10
2020-02-10,2890.49,2860.5,2891.85,2851.05,2.949e+10
2020-02-11,2901.67,2894.54,2913.82,2882.24,2.692e+10
2020-02-12,2926.9,2895.56,2926.9,2892.42,2.487e+10
2020-02-13,2906.07,2927.14,2935.41,2901.24,2.748e+10
2020-02-14,2917.01,2899.87,2926.94,2899.57,2.507e+10
2020-02-17,2983.62,2924.99,2983.64,2924.99,3.132e+10
2020-02-18,2984.97,2981.41,2990.6,2960.78,3.117e+10
2020-02-19,2975.4,2979.52,2998.27,2971.82,3.151e+10
2020-02-20,3030.15,2981.88,3031.37,2968.45,3.457e+10
2020-02-21,3039.67,3022.25,3058.9,3020.14,3.646e+10
2020-02-24,3031.23,3027.89,3042.18,3007.36,3.704e+10
2020-02-25,3013.05,2982.07,3016.95,2943.72,4.416e+10
2020-02-26,2987.93,2978.42,3028.78,2974.94,4.69e+10
2020-02-27,2991.33,2992.49,3009.46,2980.48,3.505e+10
2020-02-28,2880.3,2924.64,2948.13,2878.54,4.012e+10
2020-03-02,2970.93,2899.31,2982.51,2899.31,3.673e+10
2020-03-03,2992.9,3006.89,3026.84,2976.62,4.101e+10
2020-03-04,3011.67,2981.81,3012,2974.36,3.533e+10
2020-03-05,3071.68,3036.15,3074.26,3022.93,4.454e+10
2020-03-06,3034.51,3039.94,3052.44,3029.46,3.621e+10
2020-03-09,2943.29,2987.18,2989.21,2940.71,4.146e+10
2020-03-10,2996.76,2918.93,3000.3,2904.8,3.933e+10
2020-03-11,2968.52,3001.76,3010.03,2968.52,3.525e+10
2020-03-12,2923.49,2936.02,2944.47,2906.28,3.078e+10
2020-03-13,2887.43,2804.23,2910.88,2799.98,3.664e+10
2020-03-16,2789.25,2897.3,2898.03,2784.66,3.519e+10
2020-03-17,2779.64,2796.28,2826.91,2715.22,3.061e+10
2020-03-18,2728.76,2792.32,2815.87,2728.76,2.912e+10
2020-03-19,2702.13,2719.41,2736.82,2646.8,3.023e+10
2020-03-20,2745.62,2727.02,2751.9,2702.49,2.52e+10
2020-03-23,2660.17,2677.59,2703.33,2656.5,2.498e+10
2020-03-24,2722.44,2703.02,2723.41,2667.13,2.57e+10
2020-03-25,2781.59,2775.3,2788.64,2757.8,2.731e+10
2020-03-26,2764.91,2761.9,2788.5,2753.43,2.341e+10
2020-03-27,2772.2,2792.98,2805.55,2771.76,2.408e+10
2020-03-30,2747.21,2739.72,2759.1,2723.05,2.397e+10
2020-03-31,2750.3,2767.31,2771.17,2743.12,2.186e+10
2020-04-01,2734.52,2743.54,2773.36,2731.08,2.173e+10
2020-04-02,2780.64,2720.23,2780.64,2719.9,2.179e+10
2020-04-03,2763.99,2773.58,2780.59,2754.07,2.008e+10
2020-04-07,2820.76342773438,2806.96752929688,2823.27661132812,2801.83862304688,1250014824
2020-04-08,2815.36865234375,2805.91650390625,2823.2138671875,2800.29638671875,2876694020
2020-04-09,2825.90356445312,2825.83935546875,2832.39501953125,2820.4326171875,2343647820
2020-04-10,2796.63110351562,2827.18725585938,2833.01489257812,2789.9755859375,1870640320
